createdAt,updatedAt,id,isSpecial,exAdverso,isActive,isReady,lawyer,thesis,status,limitDate,acceptsGroup,office
1557936817,1575995994111,19,1,CLARO,1,1,26,9,PENDING,NULL,NULL,1
1557936817,1575995995049,21,1,NULL,0,0,19,9,OPEN,NULL,NULL,1
1557936817,1575995994960,22,1,"Oi Telefonia",1,1,15,9,PENDING,NULL,NULL,1
1557936817,1575995994690,23,1,TAP,1,1,26,3,PENDING,NULL,NULL,1
1557936817,1575995994561,24,1,NULL,0,0,19,2,OPEN,NULL,NULL,1
1557936817,1575995994101,25,1,CLARO,1,1,26,9,DONE,NULL,NULL,1
1557936817,1575995995337,27,1,CLARO,1,1,26,9,WON,NULL,NULL,1
1557936817,1575995994661,28,1,CLARO,1,1,26,9,PENDING,NULL,NULL,1
1557936817,1575995994631,29,1,CLARO,1,1,26,9,DONE,NULL,NULL,1
1557936817,1575995994756,30,1,TAP,1,1,26,3,PENDING,NULL,NULL,1
1557936817,1575995994123,31,1,"LATAM AIRLINES GROUP S/A",1,1,15,2,DONE,NULL,NULL,1
1557936817,1575995994812,32,1,AZUL,1,1,15,3,DONE,NULL,NULL,1
1557936817,1575995995007,33,1,"Porto Seguro",1,1,21,3,PENDING,NULL,NULL,1
1557936817,1575995995027,34,1,"American Airlines",1,1,21,3,PENDING,NULL,NULL,1
1557936817,1575995994621,35,1,Alit√°lia,1,1,21,4,DONE,NULL,NULL,1
1557936817,1575995986428,36,1,"April Turismo Seguros",1,1,19,4,PENDING,NULL,NULL,1
1557936817,1575995994738,37,1,"Claro (NET)",1,1,17,9,DONE,NULL,NULL,1
1557936817,1575995994533,38,1,"Net (Claro)",1,1,19,9,PENDING,NULL,NULL,1
1557936817,1575995994723,39,1,"Distrito Federal",1,1,17,10,PENDING,NULL,NULL,1
1557936817,1575995994882,42,1,NULL,0,0,15,10,OPEN,NULL,NULL,1
1557936817,1575995994141,43,1,NULL,0,0,15,10,OPEN,NULL,NULL,1
1557936817,1575995994552,44,1,NULL,0,0,15,10,OPEN,NULL,NULL,1
1557936817,1575995995135,46,1,,0,0,15,10,OPEN,NULL,NULL,1
1557936817,1575995995029,47,1,NULL,0,0,19,9,OPEN,NULL,NULL,1
1557936817,1575995994957,49,1,"Distrito Federal",1,1,18,10,PENDING,NULL,NULL,1
1557936817,1575995994131,52,1,"Distrito Federal ",1,1,17,10,PENDING,NULL,NULL,1
1557936817,1575995994674,53,1,NULL,0,0,15,10,OPEN,NULL,NULL,1
1557936817,1575995995181,54,1,NULL,0,0,15,10,OPEN,NULL,NULL,1
1557936817,1575995995398,55,1,NULL,0,0,15,10,OPEN,NULL,NULL,1
1557936817,1575995994553,56,1,NULL,0,0,93,10,OPEN,NULL,NULL,1
1557936817,1575995994114,57,1,NULL,0,0,15,9,OPEN,NULL,NULL,1
1557936817,1575995995396,58,1,NULL,0,0,19,9,OPEN,NULL,NULL,1
1557936817,1575995994866,59,1,NULL,0,0,19,10,OPEN,NULL,NULL,1
1557936817,1575996015147,60,1,NULL,0,0,93,10,OPEN,NULL,NULL,1
1557936817,1575995995019,61,1,NULL,0,0,15,9,OPEN,NULL,NULL,1
1557936817,1575995994153,63,1,"Distrito Federal",1,1,17,10,PENDING,NULL,NULL,1
1557936817,1575996015361,64,1,GVT,1,1,18,9,DONE,NULL,NULL,1
1557936817,1575996015439,65,1,NULL,0,0,15,10,OPEN,NULL,NULL,1
1557936817,1575996015264,67,1,"Distrito Federal ",1,1,18,10,PENDING,NULL,NULL,1
1557936817,1575995994833,69,1,NULL,0,0,15,10,OPEN,NULL,NULL,1
1557936817,1575995994081,70,1,"Rio de Janeiro",0,0,18,10,OPEN,NULL,NULL,1
1557936817,1575996015310,71,1,"Claro (NET)",1,1,18,9,PENDING,1562611879,NULL,1
1557936817,1575996015291,72,1,"Distrito Federal",1,1,93,10,PENDING,NULL,NULL,1
1557936817,1575995994897,73,1,"Distrito Federal",0,0,17,10,OPEN,NULL,NULL,1
1557936817,1575995994133,74,1,"Distrito Federal",1,1,18,10,PENDING,NULL,NULL,1
1557936817,1575995995057,75,1,"Distrito Federal",1,1,15,10,PENDING,NULL,NULL,1
1557936817,1575996015359,76,1,"Distrito Federal",0,0,15,10,OPEN,NULL,NULL,1
1557936817,1575995995131,77,1,"Distrito Federal",1,1,18,10,PENDING,NULL,NULL,1
1557936817,1575995994720,78,1,NULL,0,0,15,10,OPEN,NULL,NULL,1
1557936817,1575995994305,79,1,NET,1,1,26,9,PENDING,NULL,NULL,1
1557936817,1575995995058,102,1,,0,0,15,10,OPEN,NULL,NULL,1
1557936817,1575995995232,104,1,NULL,0,0,15,10,OPEN,NULL,NULL,1
1557936817,1575995995251,109,1,NET,1,1,18,9,DONE,NULL,NULL,1
1557936817,1575995994841,112,1,"Distrito Federal ",1,1,17,10,PENDING,NULL,NULL,1
1557936817,1575995994104,114,1,NET,0,0,17,9,OPEN,NULL,NULL,1
1557936817,1575995995821,116,1,NET,1,1,18,9,PENDING,1564601333,NULL,1
1557936817,1575996015323,117,1,LATAM,1,1,21,2,DONE,NULL,NULL,1
1557936817,1575996021279,118,1,,0,0,15,10,OPEN,NULL,NULL,1
1557936817,1575995994763,119,1,"Distrito Federal ",0,0,17,10,OPEN,NULL,NULL,1
1557936817,1575995994307,120,1,,0,0,17,10,OPEN,NULL,NULL,1
1557936817,1575995995557,121,1,,0,0,17,9,OPEN,NULL,NULL,1
1557936817,1575995995200,122,1,,0,0,15,10,OPEN,NULL,NULL,1
1557936817,1575995995229,123,1,,0,0,15,10,OPEN,NULL,NULL,1
1557936817,1575995995248,126,1,"DISTRITO FEDERAL ",1,1,93,10,PENDING,NULL,NULL,1
1557936817,1575995994269,131,1,,0,0,15,10,OPEN,NULL,NULL,1
1557936817,1575995995555,132,1,NET,1,1,15,9,PENDING,NULL,NULL,1
1557936817,1575995995308,133,1,"Distrito Federal",1,1,93,10,PENDING,NULL,NULL,1
1557936817,1575995995210,134,1,"Distrito Federal",1,1,93,10,PENDING,NULL,NULL,1
1557936817,1575995994880,139,1,SKY,1,1,94,9,PENDING,NULL,NULL,1
1557936817,1575995994316,140,1,"Distrito Federal",1,1,159,10,PENDING,NULL,NULL,1
1557936817,1575995995418,141,1,"Distrito Federal",1,1,159,10,PENDING,NULL,NULL,1
1557936817,1575995994864,142,1,,0,0,93,10,OPEN,NULL,NULL,1
1557936817,1575996015244,143,1,"Distrito Federal",1,1,94,10,OPEN,NULL,NULL,1
1557936817,1576691889110,144,1,"Distrito Federal",1,1,1469,10,OPEN,NULL,NULL,1
1557936817,1575995994336,145,1,"Distrito Federal",1,0,93,10,OPEN,NULL,NULL,1
1557936817,1575995995600,148,1,NET,1,1,26,9,PENDING,NULL,NULL,1
1557936817,1575995995287,155,1,"Distrito Federal",1,1,17,10,PENDING,NULL,NULL,1
1557936817,1575995995871,158,1,"Distrito Federal",1,1,18,10,PENDING,NULL,NULL,1
1557936817,1575995995581,164,1,AirFrance,1,1,19,5,PENDING,NULL,NULL,1
1557936817,1575995994434,168,1,"DISTRITO FEDERAL",1,1,93,10,PENDING,NULL,NULL,1
1557936817,1575996015369,170,1,"Distrito Federal ",0,0,15,10,OPEN,NULL,NULL,1
1557936817,1575996015293,171,1,"Distrito Federal ",0,0,93,10,OPEN,NULL,NULL,1
1557936817,1575995995639,174,1,,0,0,94,10,OPEN,NULL,NULL,1
1557936817,1575995995637,175,1,NET,1,1,26,9,PENDING,1568038856,NULL,1
1557936817,1575995994364,177,1,Latam,1,1,94,4,WON,NULL,NULL,1
1557936817,1575995995617,178,1,LaTam,1,1,15,2,PENDING,NULL,NULL,1
1557936817,1575995995184,179,1,LaTam,1,1,15,2,PENDING,NULL,NULL,1
1557936817,1575995995360,180,1,LaTam,1,1,15,2,PENDING,NULL,NULL,1
1557936817,1575995995771,181,1,LaTam,1,1,15,2,WON,NULL,NULL,1
1557936817,1575995994317,184,1,NET,0,0,94,9,OPEN,NULL,NULL,1
1557936817,1575995995497,185,1,"Distrito Federal",1,1,17,10,PENDING,NULL,NULL,1
1557936817,1575995995897,187,1,"Distrito Federal ",0,0,93,10,OPEN,NULL,NULL,1
1557936817,1575995995843,188,1,"Distrito Federal ",0,0,93,10,OPEN,NULL,NULL,1
1557936817,1575995995706,189,1,"Distrito Federal ",0,0,93,10,OPEN,NULL,NULL,1
1557936817,1575995994326,190,1,GOL,1,1,15,2,PENDING,NULL,NULL,1
1557936817,1575995995667,194,1,"Distrito Federal ",0,0,93,10,OPEN,NULL,NULL,1
1557936817,1575995995377,195,1,"Distrito Federal",0,0,93,10,OPEN,NULL,NULL,1
1557936817,1575995997247,197,1,"Distrito Federal",1,1,94,10,PENDING,NULL,NULL,1
1557936817,1575995995791,198,1,"Distrito Federal",1,1,94,10,PENDING,NULL,NULL,1
1557936817,1575995994436,199,1,"Distrito Federal ",1,1,94,10,PENDING,NULL,NULL,1
1557936817,1575995995874,200,1,GOL,1,1,15,2,PENDING,NULL,NULL,1
1557936817,1575995997152,201,1,GOL,0,0,17,2,OPEN,NULL,NULL,1
1557936817,1575996002571,203,1,NET,1,1,26,9,PENDING,NULL,NULL,1
1557936817,1575995995530,204,1,"Distrito Federal",0,0,94,10,OPEN,NULL,NULL,1
1557936817,1575995994454,205,1,TIM,1,1,94,11,DONE,NULL,NULL,1
1557936817,1575995995725,207,1,SKY,1,1,94,9,PENDING,NULL,NULL,1
1557936817,1575995995379,215,1,"Distrito Federal",0,0,94,10,OPEN,NULL,NULL,1
1557936817,1575996002542,218,1,"Distrito Federal ",1,1,159,10,PENDING,NULL,NULL,1
1557936817,1575995997824,220,1,,0,0,159,10,OPEN,NULL,NULL,1
1557936817,1575995995915,223,1,SKY,1,1,21,9,WON,NULL,NULL,1
1557936817,1575995996586,224,1,SKY,1,1,159,9,PENDING,NULL,NULL,1
1557936817,1575995997208,225,1,"Ex adverso",0,0,18,2,OPEN,NULL,NULL,1
1557936817,1575996002663,226,1,ExAdverso,0,0,26,2,OPEN,NULL,NULL,1
1557936817,1575996002643,227,1,"Latam ",1,1,94,3,PENDING,NULL,NULL,1
1557936817,1575995995944,231,1,NET,1,1,26,9,PENDING,NULL,NULL,1
1557936817,1575995996440,232,1,NET,1,1,159,9,PENDING,NULL,NULL,1
1557936817,1575995996429,233,1,SKY,1,1,21,9,PENDING,NULL,NULL,1
1557936817,1575996002932,235,1,"Distrito Fedral",0,0,93,10,OPEN,NULL,NULL,1
1557936817,1575996002858,237,1,"Travel Ace Assistance ",1,1,19,5,DONE,NULL,NULL,1
1557936817,1575995995991,238,1,LATAM,1,1,17,3,PENDING,NULL,NULL,1
1557936817,1575995996442,239,1,NET,1,1,159,9,PENDING,NULL,NULL,1
1557936817,1575996002925,243,1,OI,0,0,15,10,OPEN,NULL,NULL,1
1557936817,1575996002967,244,1,SKY,1,1,21,9,PENDING,NULL,NULL,1
1557936817,1575995997848,245,1,VIVO,1,1,17,9,PENDING,1567463102,NULL,1
1557936817,1575995995976,246,1,NET,0,0,17,9,OPEN,NULL,NULL,1
1557936817,1575996003063,249,1,,0,0,17,9,OPEN,NULL,NULL,1
1557936817,1575996001253,250,1,NET,1,1,15,9,DONE,NULL,NULL,1
1557936817,1575996002710,251,1,"Distrito Fedral",0,0,15,10,OPEN,NULL,NULL,1
1557936817,1575995996748,253,1,"Distrito Federal",1,1,15,10,PENDING,NULL,NULL,1
1557936817,1575995995925,254,1,"Distrito Federal",0,0,15,10,OPEN,NULL,NULL,1
1557936817,1575995997238,255,1,"Distrito Federal",1,1,93,10,PENDING,NULL,NULL,1
1557936817,1575996002756,256,1,VIVO,1,1,94,9,DONE,NULL,NULL,1
1557936817,1575996003253,259,1,NET,0,0,15,9,OPEN,NULL,NULL,1
1557936817,1575996002645,260,1,NET,0,0,94,9,OPEN,NULL,NULL,1
1557936817,1575996002597,268,1,SKY,1,1,15,9,PENDING,NULL,NULL,1
1557936817,1575996003126,269,1,"Distrito Federal ",0,0,93,10,OPEN,NULL,NULL,1
1557936817,1575996003192,270,1,"Distrito Fedral",0,0,17,10,OPEN,NULL,NULL,1
1557936817,1575996002732,271,1,SKY,1,1,159,9,PENDING,NULL,NULL,1
1557936817,1575995997761,272,1,NET,1,1,94,9,PENDING,NULL,NULL,1
1557936817,1575995996058,279,1,cvc,1,1,94,11,PENDING,NULL,NULL,1
1557936817,1575996003604,282,1,NET,1,1,18,9,PENDING,NULL,NULL,1
1557936817,1575996002994,283,1,NET,1,1,18,9,PENDING,1565362400,NULL,1
1557936817,1575996002721,284,1,LATAM,1,1,94,2,PENDING,NULL,NULL,1
1557936817,1575996003181,285,1,,0,0,21,9,OPEN,NULL,NULL,1
1557936817,1575995996341,286,1,NET,1,1,21,9,PENDING,NULL,NULL,1
1557936817,1575996003517,287,1,,0,0,159,10,OPEN,NULL,NULL,1
1557936817,1575996003221,288,1,,0,0,21,9,OPEN,NULL,NULL,1
1557936817,1575996002952,289,1,,0,0,21,9,OPEN,NULL,NULL,1
1557936817,1575996002878,290,1,,0,0,21,9,OPEN,NULL,NULL,1
1557936817,1575995996012,291,1,,0,0,21,9,OPEN,NULL,NULL,1
1557936817,1575996003474,292,1,,0,0,21,9,OPEN,NULL,NULL,1
1557936817,1575996002977,293,1,,0,0,21,9,OPEN,NULL,NULL,1
1557936817,1575996003124,294,1,,0,0,21,9,OPEN,NULL,NULL,1
1557936817,1575996003269,295,1,,0,0,21,9,OPEN,NULL,NULL,1
1557936817,1575995996185,296,1,,0,0,21,9,OPEN,NULL,NULL,1
1557936817,1575996003463,297,1,,0,0,21,9,OPEN,NULL,NULL,1
1557936817,1575996002948,298,1,,0,0,21,9,OPEN,NULL,NULL,1
1557936817,1575996003656,299,1,,0,0,21,9,OPEN,NULL,NULL,1
1557936817,1575996003272,300,1,,0,0,21,9,OPEN,NULL,NULL,1
1557936817,1575995996224,301,1,,0,0,21,9,OPEN,NULL,NULL,1
1557936817,1575996003347,302,1,,0,0,21,9,OPEN,NULL,NULL,1
1557936817,1575996025835,303,1,,0,0,21,9,OPEN,NULL,NULL,1
1557936817,1575996003094,304,1,,0,0,21,9,OPEN,NULL,NULL,1
1557936817,1575996003962,305,1,,0,0,21,9,OPEN,NULL,NULL,1
1557936817,1575995996243,306,1,,0,0,21,9,OPEN,NULL,NULL,1
1557936817,1575996003154,307,1,,0,0,21,9,OPEN,NULL,NULL,1
1557936817,1575996003576,308,1,NET,0,0,21,9,OPEN,NULL,NULL,1
1557936817,1575996003695,309,1,NET,1,1,17,9,PENDING,NULL,NULL,1
1557936817,1575996003585,310,1,,0,0,94,9,OPEN,NULL,NULL,1
1557936817,1575996003780,311,1,,0,0,94,9,OPEN,NULL,NULL,1
1557936817,1575996003601,312,1,,0,0,94,9,OPEN,NULL,NULL,1
1557936817,1575996007859,313,1,,0,0,94,9,OPEN,NULL,NULL,1
1557936817,1575996003915,314,1,,0,0,94,9,OPEN,NULL,NULL,1
1557936817,1575995996116,315,1,,0,0,94,9,OPEN,NULL,NULL,1
1557936817,1575996003760,316,1,,0,0,94,9,OPEN,NULL,NULL,1
1557936817,1575996003895,317,1,,0,0,94,9,OPEN,NULL,NULL,1
1557936817,1575996003954,318,1,,0,0,94,9,OPEN,NULL,NULL,1
1557936817,1575996007877,319,1,,0,0,94,9,OPEN,NULL,NULL,1
1557936817,1575995996392,320,1,NET,1,1,94,9,DONE,NULL,NULL,1
1557936817,1575996003743,321,1,,0,0,94,9,OPEN,NULL,NULL,1
1557936817,1575996008267,322,1,NET,0,0,94,9,OPEN,NULL,NULL,1
1557936817,1575996008412,325,1,,0,0,159,2,OPEN,NULL,NULL,1
1557936817,1575996008527,326,1,,0,0,159,2,OPEN,NULL,NULL,1
1557936817,1575995996167,327,1,NET,1,1,159,9,PENDING,NULL,NULL,1
1557936817,1575996003763,328,1,,0,0,159,9,OPEN,NULL,NULL,1
1557936817,1575996007972,329,1,,0,0,159,9,OPEN,NULL,NULL,1
1557936817,1575996008861,330,1,NET,1,1,94,9,PENDING,NULL,NULL,1
1557936817,1575996007844,331,1,,0,0,159,9,OPEN,NULL,NULL,1
1557936817,1575995996344,332,1,NET,1,1,159,9,PENDING,NULL,NULL,1
1557936817,1575996008130,333,1,NET,1,1,15,9,PENDING,NULL,NULL,1
1557936817,1575996008287,336,1,,0,0,159,9,OPEN,NULL,NULL,1
1557936817,1575996007811,338,1,,0,0,15,9,OPEN,NULL,NULL,1
1557936817,1575996004001,339,1,,0,0,15,9,OPEN,NULL,NULL,1
1557936817,1575995996295,340,1,NET,1,1,15,9,DONE,NULL,NULL,1
1557936817,1575996003951,341,1,,0,0,15,9,OPEN,NULL,NULL,1
1557936817,1575996010232,342,1,,0,0,15,9,OPEN,NULL,NULL,1
1557936817,1575996009494,343,1,,0,0,15,9,OPEN,NULL,NULL,1
1557936817,1575996007955,344,1,,0,0,15,9,OPEN,NULL,NULL,1
1557936817,1575995996410,345,1,,0,0,18,3,OPEN,NULL,NULL,1
1557936817,1575996010004,346,1,,0,0,15,9,OPEN,NULL,NULL,1
1557936817,1575996009947,347,1,,0,0,15,9,OPEN,NULL,NULL,1
1557936817,1575996008798,348,1,,0,0,15,9,OPEN,NULL,NULL,1
1557936817,1575996008250,349,1,,0,0,15,9,OPEN,NULL,NULL,1
1557936817,1575996003183,350,1,,0,0,15,9,OPEN,NULL,NULL,1
1557936817,1575996010317,351,1,,0,0,15,9,OPEN,NULL,NULL,1
1557936817,1575996008429,352,1,,0,0,15,9,OPEN,NULL,NULL,1
1557936817,1575996008817,353,1,,0,0,15,9,OPEN,NULL,NULL,1
1557936817,1575996009312,354,1,,0,0,15,9,OPEN,NULL,NULL,1
1557936817,1575996003485,355,1,,0,0,15,9,OPEN,NULL,NULL,1
1557936817,1575996009937,356,1,,0,0,15,9,OPEN,NULL,NULL,1
1557936817,1575996009996,357,1,,0,0,15,9,OPEN,NULL,NULL,1
1557936817,1575996009169,358,1,,0,0,15,9,OPEN,NULL,NULL,1
1557936817,1575996009154,359,1,,0,0,15,9,OPEN,NULL,NULL,1
1557936817,1575996003231,360,1,,0,0,15,9,OPEN,NULL,NULL,1
1557936817,1575996010902,361,1,,0,0,15,9,OPEN,NULL,NULL,1
1557936817,1575996008438,362,1,,0,0,15,9,OPEN,NULL,NULL,1
1557936817,1575996009066,363,1,,0,0,15,9,OPEN,NULL,NULL,1
1557936817,1575996010383,364,1,,0,0,15,9,OPEN,NULL,NULL,1
1557936817,1575996003307,365,1,,0,0,15,9,OPEN,NULL,NULL,1
1557936817,1575996008938,366,1,,0,0,15,9,OPEN,NULL,NULL,1
1557936817,1575996008472,367,1,,0,0,15,9,OPEN,NULL,NULL,1
1557936817,1575996009513,368,1,,0,0,15,9,OPEN,NULL,NULL,1
1557936817,1575996009939,369,1,,0,0,15,9,OPEN,NULL,NULL,1
1557936817,1575995996537,370,1,,0,0,15,9,OPEN,NULL,NULL,1
1557936817,1575996008500,371,1,,0,0,15,9,OPEN,NULL,NULL,1
1557936817,1575996008880,372,1,NET,1,1,159,9,PENDING,NULL,NULL,1
1557936817,1575996009034,373,1,,0,0,15,9,OPEN,NULL,NULL,1
1557936817,1575996009564,374,1,,0,0,15,9,OPEN,NULL,NULL,1
1557936817,1575996003499,375,1,,0,0,15,9,OPEN,NULL,NULL,1
1557936817,1575996008546,376,1,,0,0,15,9,OPEN,NULL,NULL,1
1557936817,1575996009151,377,1,,0,0,15,9,OPEN,NULL,NULL,1
1557936817,1575996009718,378,1,,0,0,15,9,OPEN,NULL,NULL,1
1557936817,1575996010015,379,1,,0,0,15,9,OPEN,NULL,NULL,1
1557936817,1575996003385,380,1,,0,0,15,9,OPEN,NULL,NULL,1
1557936817,1575996010336,381,1,NET,1,1,15,9,PENDING,NULL,NULL,1
1557936817,1575996008967,382,1,,0,0,15,9,OPEN,NULL,NULL,1
1557936817,1575996009534,383,1,,0,0,15,9,OPEN,NULL,NULL,1
1557936817,1575996010911,384,1,,0,0,15,9,OPEN,NULL,NULL,1
1557936817,1575996007880,385,1,,0,0,159,2,OPEN,NULL,NULL,1
1557936817,1575996010569,386,1,,0,0,15,9,OPEN,NULL,NULL,1
1557936817,1575996009063,387,1,,0,0,15,9,OPEN,NULL,NULL,1
1557936817,1575996009419,388,1,,0,0,15,9,OPEN,NULL,NULL,1
1557936817,1575996009273,389,1,,0,0,15,9,OPEN,NULL,NULL,1
1557936817,1575996007916,390,1,,0,0,15,9,OPEN,NULL,NULL,1
1557936817,1575996017062,391,1,,0,0,15,9,OPEN,NULL,NULL,1
1557936817,1575996009794,392,1,,0,0,93,10,OPEN,NULL,NULL,1
1557936817,1575996010446,393,1,,0,0,15,9,OPEN,NULL,NULL,1
1557936817,1575996011000,394,1,,0,0,15,9,OPEN,NULL,NULL,1
1557936817,1575996007937,395,1,NET,0,0,15,9,OPEN,NULL,NULL,1
1557936817,1575996010775,396,1,,0,0,15,9,OPEN,NULL,NULL,1
1557936817,1575996010655,397,1,,0,0,15,9,OPEN,NULL,NULL,1
1557936817,1575996011314,398,1,,0,0,15,9,OPEN,NULL,NULL,1
1557936817,1575996011230,399,1,,0,0,15,9,OPEN,NULL,NULL,1
1557936817,1575996003506,400,1,SKY,0,0,15,9,OPEN,NULL,NULL,1
1557936817,1575996010221,401,1,,0,0,15,9,OPEN,NULL,NULL,1
1557936817,1575996011102,402,1,,0,0,15,9,OPEN,NULL,NULL,1
1557936817,1575996011121,403,1,,0,0,15,9,OPEN,NULL,NULL,1
1557936817,1575996012412,405,1,"DISTRITO FEDERAL",0,1,93,10,OPEN,NULL,NULL,1
1557936817,1575996008209,406,1,NET,0,0,21,9,OPEN,NULL,NULL,1
1557936817,1575996010842,407,1,VIVO,1,1,21,9,PENDING,NULL,NULL,1
1557936817,1575996012790,408,1,,0,0,17,9,OPEN,NULL,NULL,1
1557936817,1575996011273,409,1,NET,0,0,17,9,OPEN,NULL,NULL,1
1557936817,1575996015663,410,1,,0,0,17,9,OPEN,NULL,NULL,1
1557936817,1575996003666,411,1,,0,0,17,9,OPEN,NULL,NULL,1
1557936817,1575996010413,412,1,,0,0,17,9,OPEN,NULL,NULL,1
1557936817,1575996010437,413,1,,0,0,21,9,OPEN,NULL,NULL,1
1557936817,1575996011666,414,1,,0,0,21,9,OPEN,NULL,NULL,1
1557936817,1575996010364,415,1,NET,1,1,21,9,PENDING,NULL,NULL,1
1557936817,1575996003714,416,1,,0,0,21,9,OPEN,NULL,NULL,1
1557936817,1575996016030,417,1,NET,1,1,94,9,PENDING,NULL,NULL,1
1557936817,1575996015430,418,1,,0,0,21,9,OPEN,NULL,NULL,1
1557936817,1575996010728,419,1,SKY,1,1,17,9,PENDING,NULL,NULL,1
1557936817,1575996010882,420,1,,0,0,17,9,OPEN,NULL,NULL,1
1557936817,1575996003654,426,1,NET,1,1,17,9,PENDING,NULL,NULL,1
1557936817,1575996011738,427,1,"Distrito Federal",0,0,17,10,OPEN,NULL,NULL,1
1557936817,1575996015787,428,1,,0,0,159,9,OPEN,NULL,NULL,1
1557936817,1575996015863,429,1,SKY,0,0,15,9,OPEN,NULL,NULL,1
1557936817,1575996010961,430,1,NET,1,1,159,9,PENDING,NULL,NULL,1
1557936817,1575996003731,431,1,LATAM,1,1,18,3,WON,NULL,NULL,1
1557936817,1575996014591,432,1,NET,0,0,17,9,OPEN,NULL,NULL,1
1557936817,1575996016303,433,1,,0,0,17,9,OPEN,NULL,NULL,1
1557936817,1575996011529,434,1,,0,0,17,9,OPEN,NULL,NULL,1
1557936817,1575996016019,435,1,,0,0,17,9,OPEN,NULL,NULL,1
1557936817,1575996008211,436,1,,0,0,17,9,OPEN,NULL,NULL,1
1557936817,1575996015944,437,1,,0,0,17,9,OPEN,NULL,NULL,1
1557936817,1575996009863,438,1,,0,0,17,9,OPEN,NULL,NULL,1
1557936817,1575996011276,439,1,,0,0,17,9,OPEN,NULL,NULL,1
1557936817,1575996015544,440,1,NET,1,1,17,9,PENDING,1562613212,NULL,1
1557936817,1575996008834,441,1,,0,0,21,9,OPEN,NULL,NULL,1
1557936817,1575996012867,443,1,NET,0,0,17,9,OPEN,NULL,NULL,1
1557936817,1575996012897,444,1,NET,0,0,17,9,OPEN,NULL,NULL,1
1557936817,1575996010531,445,1,SKY,0,0,21,9,OPEN,NULL,NULL,1
1557936817,1575996011374,446,1,NET,0,0,21,9,OPEN,NULL,NULL,1
1557936817,1575996029774,447,1,,0,0,21,9,OPEN,NULL,NULL,1
1557936817,1575996012735,448,1,,0,0,21,9,OPEN,NULL,NULL,1
1557936817,1575996011125,449,1,,0,0,21,9,OPEN,NULL,NULL,1
1557936817,1575996010557,450,1,,0,0,21,9,OPEN,NULL,NULL,1
1557936817,1575996003972,451,1,NET,1,1,21,9,PENDING,NULL,NULL,1
1557936817,1575996010915,452,1,,0,0,21,9,OPEN,NULL,NULL,1
1557936817,1575996015961,453,1,,0,0,21,9,OPEN,NULL,NULL,1
1557936817,1575996016108,454,1,,0,0,21,9,OPEN,NULL,NULL,1
1557936817,1575996016877,455,1,,0,0,21,9,OPEN,NULL,NULL,1
1557936817,1575996003932,456,1,,0,0,21,9,OPEN,NULL,NULL,1
1557936817,1575996016994,457,1,,0,0,21,9,OPEN,NULL,NULL,1
1557936817,1575996012856,458,1,,0,0,21,9,OPEN,NULL,NULL,1
1557936817,1575996015980,459,1,,0,0,21,9,OPEN,NULL,NULL,1
1557936817,1575996025916,460,1,,0,0,18,9,OPEN,NULL,NULL,1
1557936817,1575996003885,461,1,,0,0,18,9,OPEN,NULL,NULL,1
1557936817,1575996010714,462,1,OI,1,1,159,9,PENDING,NULL,NULL,1
1557936817,1575996018405,463,1,vivo,1,1,159,9,PENDING,NULL,NULL,1
1557936817,1575996014511,464,1,,0,0,159,9,OPEN,NULL,NULL,1
1557936817,1575996011324,465,1,,0,0,159,9,OPEN,NULL,NULL,1
1557936817,1575996008033,466,1,,0,0,159,9,OPEN,NULL,NULL,1
1557936817,1575996016066,467,1,,0,0,159,9,OPEN,NULL,NULL,1
1557936817,1575996013348,468,1,,0,0,159,9,OPEN,NULL,NULL,1
1557936817,1575996015653,469,1,,0,0,159,9,OPEN,NULL,NULL,1
1557936817,1575996015606,470,1,,0,0,159,9,OPEN,NULL,NULL,1
1557936817,1575996008815,471,1,NET,1,1,159,9,PENDING,NULL,NULL,1
1557936817,1575996013026,472,1,,0,0,159,9,OPEN,NULL,NULL,1
1557936817,1575996011246,473,1,,0,0,159,9,OPEN,NULL,NULL,1
1557936817,1575996013016,474,1,,0,0,159,9,OPEN,NULL,NULL,1
1557936817,1575996015680,475,1,NET,1,1,159,9,PENDING,NULL,NULL,1
1557936817,1575996008160,476,1,,0,0,159,9,OPEN,NULL,NULL,1
1557936817,1575996014668,477,1,,0,0,159,9,OPEN,NULL,NULL,1
1557936817,1575996012415,478,1,,0,0,159,9,OPEN,NULL,NULL,1
1557936817,1575996011824,479,1,,0,0,159,9,OPEN,NULL,NULL,1
1557936817,1575996016235,480,1,,0,0,159,9,OPEN,NULL,NULL,1
1557936817,1575996009095,481,1,NET,0,0,159,9,OPEN,NULL,NULL,1
1557936817,1575996017526,482,1,,0,0,159,9,OPEN,NULL,NULL,1
1557936817,1575996015697,483,1,,0,0,159,9,OPEN,NULL,NULL,1
1557936817,1575996015629,484,1,,0,0,159,9,OPEN,NULL,NULL,1
1557936817,1575996015912,485,1,,0,0,159,9,OPEN,NULL,NULL,1
1557936817,1575996029705,486,1,,0,0,159,9,OPEN,NULL,NULL,1
1557936817,1575996010884,487,1,,0,0,159,9,OPEN,NULL,NULL,1
1557936817,1575996015728,488,1,NET,0,0,159,9,OPEN,NULL,NULL,1
1557936817,1575996015814,489,1,NET,1,1,159,9,PENDING,NULL,NULL,1
1557936817,1575996029776,490,1,"Distrito Federal",0,0,15,10,OPEN,NULL,NULL,1
1557936817,1575996014562,491,1,,0,0,18,9,OPEN,NULL,NULL,1
1557936817,1575996011410,492,1,CLARO,1,1,18,9,PENDING,NULL,NULL,1
1557936817,1575996016216,493,1,,0,0,18,9,OPEN,NULL,NULL,1
1557936817,1575996015837,494,1,,0,0,18,9,OPEN,NULL,NULL,1
1557936817,1575996016569,495,1,,0,0,18,9,OPEN,NULL,NULL,1
1557936817,1575996029727,496,1,,0,0,18,9,OPEN,NULL,NULL,1
1557936817,1575996012647,497,1,DELTA,1,1,17,2,PENDING,NULL,NULL,1
1557936817,1575996015922,498,1,DELTA,1,1,17,4,PENDING,NULL,NULL,1
1557936817,1575996019066,499,1,,0,0,18,9,OPEN,NULL,NULL,1
1557936817,1575996016811,500,1,,0,0,18,9,OPEN,NULL,NULL,1
1557936817,1575996008595,501,1,NET,1,1,18,9,PENDING,NULL,NULL,1
1557936817,1575996016965,502,1,,0,0,18,9,OPEN,NULL,NULL,1
1557936817,1575996016354,503,1,,0,0,18,9,OPEN,NULL,NULL,1
1557936817,1575996014524,504,1,,0,0,18,9,OPEN,NULL,NULL,1
1557936817,1575996015785,505,1,,0,0,18,9,OPEN,NULL,NULL,1
1557936817,1575996008441,506,1,,0,0,18,9,OPEN,NULL,NULL,1
1557936817,1575996016838,507,1,,0,0,18,9,OPEN,NULL,NULL,1
1557936817,1575996015710,508,1,,0,0,18,9,OPEN,NULL,NULL,1
1557936817,1575996016269,509,1,,0,0,18,9,OPEN,NULL,NULL,1
1557936817,1575996016597,510,1,NET,0,0,18,9,OPEN,NULL,NULL,1
1557936817,1575996008919,511,1,GVT/VIVO,0,0,18,9,OPEN,NULL,NULL,1
1557936817,1575996015805,512,1,CLARO,1,1,21,9,PENDING,NULL,NULL,1
1557936817,1575996016791,513,1,NET,1,1,18,9,PENDING,NULL,NULL,1
1557936817,1575996026717,514,1,NET,1,1,18,9,PENDING,1568914205,NULL,1
1557936817,1575996020309,515,1,NET,1,1,159,9,PENDING,NULL,NULL,1
1557936817,1575996030277,516,1,NET,1,1,159,9,PENDING,NULL,NULL,1
1557936817,1575996017874,517,1,SKY,1,1,21,9,PENDING,NULL,NULL,1
1557936817,1575996012911,518,1,,0,0,159,9,OPEN,NULL,NULL,1
1557936817,1575996026283,519,1,,0,0,159,9,OPEN,NULL,NULL,1
1557936817,1575996015552,520,1,,0,0,159,9,OPEN,NULL,NULL,1
1557936817,1575996008884,521,1,,0,0,159,9,OPEN,NULL,NULL,1
1557936817,1575996014687,522,1,,0,0,159,9,OPEN,NULL,NULL,1
1557936817,1575996015866,523,1,,0,0,159,9,OPEN,NULL,NULL,1
1557936817,1575996015816,524,1,NET,1,1,159,9,PENDING,NULL,NULL,1
1557936817,1575996016415,525,1,NET,1,1,19,9,PENDING,NULL,NULL,1
1557936817,1575996009561,526,1,,0,0,19,9,OPEN,NULL,NULL,1
1557936817,1575996012976,527,1,,0,0,19,9,OPEN,NULL,NULL,1
1557936817,1575996016342,528,1,,0,0,19,9,OPEN,NULL,NULL,1
1557936817,1575996025995,529,1,,0,0,19,9,OPEN,NULL,NULL,1
1557936817,1575996016888,530,1,,0,0,19,9,OPEN,NULL,NULL,1
1557936817,1575996029745,531,1,,0,0,19,9,OPEN,NULL,NULL,1
1557936817,1575996018654,532,1,NET,0,0,19,9,OPEN,NULL,NULL,1
1557936817,1575996016967,533,1,,0,0,19,9,OPEN,NULL,NULL,1
1557936817,1575996016868,534,1,,0,0,19,9,OPEN,NULL,NULL,1
1557936817,1575996012995,535,1,NET,1,1,19,9,PENDING,NULL,NULL,1
1557936817,1575996009221,536,1,,0,0,19,9,OPEN,NULL,NULL,1
1557936817,1575996017797,537,1,NET,1,1,159,9,PENDING,NULL,NULL,1
1557936817,1575996017032,538,1,,0,0,19,9,OPEN,NULL,NULL,1
1557936817,1575996016821,539,1,,0,0,19,9,OPEN,NULL,NULL,1
1557936817,1575996017204,540,1,NET,1,1,19,9,PENDING,NULL,NULL,1
1557936817,1575996009389,541,1,,0,0,159,9,OPEN,NULL,NULL,1
1557936817,1575996016424,542,1,,0,0,159,9,OPEN,NULL,NULL,1
1557936817,1575996026796,543,1,NET,1,1,19,9,PENDING,NULL,NULL,1
1557936817,1575996026108,544,1,NET,1,1,19,9,WON,NULL,NULL,1
1557936817,1575996018162,545,1,,0,0,19,9,OPEN,NULL,NULL,1
1557936817,1575996018096,546,1,,0,0,19,9,OPEN,NULL,NULL,1
1557936817,1575996029736,547,1,,0,0,19,9,OPEN,NULL,NULL,1
1557936817,1575996030281,548,1,NET,0,0,19,9,OPEN,NULL,NULL,1
1557936817,1575996016009,549,1,NET,0,0,19,9,OPEN,NULL,NULL,1
1557936817,1575996016305,550,1,,0,0,19,9,OPEN,NULL,NULL,1
1557936817,1575996029982,551,1,,0,0,19,9,OPEN,NULL,NULL,1
1557936817,1575996026934,552,1,,0,0,19,9,OPEN,NULL,NULL,1
1557936817,1575996016069,553,1,,0,0,19,9,OPEN,NULL,NULL,1
1557936817,1575996015428,554,1,,0,0,19,9,OPEN,NULL,NULL,1
1557936817,1575996014588,555,1,,0,0,19,9,OPEN,NULL,NULL,1
1557936817,1575996029725,556,1,,0,0,19,9,OPEN,NULL,NULL,1
1557936817,1575996026904,557,1,,0,0,19,9,OPEN,NULL,NULL,1
1557936817,1575996014690,558,1,,0,0,19,9,OPEN,NULL,NULL,1
1557936817,1575996016984,559,1,,0,0,19,9,OPEN,NULL,NULL,1
1557936817,1575996016402,560,1,,0,0,19,9,OPEN,NULL,NULL,1
1557936817,1575996029735,561,1,NET,0,0,19,9,OPEN,NULL,NULL,1
1557936817,1575996018040,562,1,,0,0,19,9,OPEN,NULL,NULL,1
1557936817,1575996016078,563,1,SKY,1,1,19,9,PENDING,NULL,NULL,1
1557936817,1575996016270,564,1,NET,0,0,19,9,OPEN,NULL,NULL,1
1557936817,1575996017628,565,1,NET,0,0,19,9,OPEN,NULL,NULL,1
1557936817,1575996009871,566,1,,0,0,19,9,OPEN,NULL,NULL,1
1557936817,1575996015496,567,1,,0,0,19,9,OPEN,NULL,NULL,1
1557936817,1575996015451,568,1,,0,0,19,9,OPEN,NULL,NULL,1
1557936817,1575996017679,569,1,,0,0,19,9,OPEN,NULL,NULL,1
1557936817,1575996018044,570,1,,0,0,19,9,OPEN,NULL,NULL,1
1557936817,1575996009673,571,1,NET,0,0,19,9,OPEN,NULL,NULL,1
1557936817,1575996018070,572,1,,0,0,19,9,OPEN,NULL,NULL,1
1557936817,1575996020135,573,1,,0,0,19,9,OPEN,NULL,NULL,1
1557936817,1575996014640,574,1,"America Airlines",0,0,17,13,PENDING,NULL,NULL,1
1557936817,1575996018619,575,1,,0,0,19,9,OPEN,NULL,NULL,1
1557936817,1575996009872,576,1,,0,0,19,9,OPEN,NULL,NULL,1
1557936817,1575996029947,577,1,,0,0,19,9,OPEN,NULL,NULL,1
1557936817,1575996016771,578,1,,0,0,19,9,OPEN,NULL,NULL,1
1557936817,1575996018508,579,1,,0,0,19,9,OPEN,NULL,NULL,1
1557936817,1575996029901,580,1,,0,0,19,9,OPEN,NULL,NULL,1
1557936817,1575996016986,581,1,,0,0,19,9,OPEN,NULL,NULL,1
1557936817,1575996014720,582,1,,0,0,19,9,OPEN,NULL,NULL,1
1557936817,1575996018679,583,1,,0,0,19,9,OPEN,NULL,NULL,1
1557936817,1575996018871,584,1,NET,1,1,19,9,PENDING,NULL,NULL,1
1557936817,1575996009573,585,1,,0,0,19,9,OPEN,NULL,NULL,1
1557936817,1575996017060,586,1,,0,0,19,9,OPEN,NULL,NULL,1
1557936817,1575996019328,587,1,SKY,1,1,19,9,WON,NULL,NULL,1
1557936817,1575996016106,588,1,VIVO,1,1,18,9,WON,NULL,NULL,1
1557936817,1575996019359,589,1,NET,0,0,17,9,OPEN,NULL,NULL,1
1557936817,1575996030171,590,1,,0,0,21,9,OPEN,NULL,NULL,1
1557936817,1575996016661,591,1,NET,0,0,21,9,OPEN,NULL,NULL,1
1557936817,1575996017088,592,1,NET,1,1,19,9,PENDING,NULL,NULL,1
1557936817,1575996021917,593,1,,0,0,19,9,OPEN,NULL,NULL,1
1557936817,1575996018836,594,1,,0,0,21,9,OPEN,NULL,NULL,1
1557936817,1575996029881,595,1,,0,0,21,9,OPEN,NULL,NULL,1
1557936817,1575996016714,596,1,NET,0,0,21,9,OPEN,NULL,NULL,1
1557936817,1575996028046,597,1,VIVO,1,1,94,9,PENDING,NULL,NULL,1
1557936817,1575996019132,598,1,,0,0,21,9,OPEN,NULL,NULL,1
1557936817,1575996016841,599,1,,0,0,21,9,OPEN,NULL,NULL,1
1557936817,1575996009814,600,1,,0,0,21,9,OPEN,NULL,NULL,1
1557936817,1575996020240,601,1,,0,0,21,9,OPEN,NULL,NULL,1
1557936817,1575996025858,602,1,,0,0,21,9,OPEN,NULL,NULL,1
1557936817,1575996026082,603,1,,0,0,21,9,OPEN,NULL,NULL,1
1557936817,1575996019239,604,1,NET,0,0,21,9,OPEN,NULL,NULL,1
1557936817,1575996010014,605,1,,0,0,21,9,OPEN,NULL,NULL,1
1557936817,1575996016996,606,1,NET,0,0,21,9,OPEN,NULL,NULL,1
1557936817,1575996009592,607,1,NET,1,1,21,9,WON,NULL,NULL,1
1557936817,1575996026022,608,1,,0,0,21,9,OPEN,NULL,NULL,1
1557936817,1575996017235,609,1,,0,0,21,9,OPEN,NULL,NULL,1
1557936817,1575996029965,610,1,NET,1,1,21,9,WON,NULL,NULL,1
1557936817,1575996020280,611,1,,0,0,21,9,OPEN,NULL,NULL,1
1557936817,1575996018882,612,1,,0,0,21,9,OPEN,NULL,NULL,1
1557936817,1575996018505,613,1,,0,0,21,9,OPEN,NULL,NULL,1
1557936817,1575996017994,614,1,,0,0,21,9,OPEN,NULL,NULL,1
1557936817,1575996030202,615,1,NET,0,0,21,9,OPEN,NULL,NULL,1
1557936817,1575996018990,616,1,,0,0,21,9,OPEN,NULL,NULL,1
1557936817,1575996017369,617,1,,0,0,21,9,OPEN,NULL,NULL,1
1557936817,1575996018345,618,1,,0,0,21,9,OPEN,NULL,NULL,1
1557936817,1575996018266,619,1,NET,1,1,21,9,WON,NULL,NULL,1
1557936817,1575996010050,620,1,VIVO,1,1,21,9,DONE,NULL,NULL,1
1557936817,1575996025874,621,1,,0,0,21,9,OPEN,NULL,NULL,1
1557936817,1575996025886,622,1,,0,0,21,9,OPEN,NULL,NULL,1
1557936817,1575996018107,623,1,,0,0,21,9,OPEN,NULL,NULL,1
1557936817,1575996018226,624,1,,0,0,21,9,OPEN,NULL,NULL,1
1557936817,1575996030179,625,1,,0,0,21,9,OPEN,NULL,NULL,1
1557936817,1575996021841,626,1,NET,0,0,21,9,OPEN,NULL,NULL,1
1557936817,1575996018439,627,1,,0,0,21,9,OPEN,NULL,NULL,1
1557936817,1575996018317,628,1,SKY,0,0,21,9,OPEN,NULL,NULL,1
1557936817,1575996026784,629,1,NET,0,0,21,9,OPEN,NULL,NULL,1
1557936817,1575996030168,630,1,,0,0,21,9,OPEN,NULL,NULL,1
1557936817,1575996018524,631,1,,0,0,21,9,OPEN,NULL,NULL,1
1557936817,1575996017773,632,1,CLARO,1,1,17,9,PENDING,NULL,NULL,1
1557936817,1575996019268,633,1,,0,0,17,9,OPEN,NULL,NULL,1
1557936817,1575996018793,634,1,,0,0,17,9,OPEN,NULL,NULL,1
1557936817,1575996030083,635,1,,0,0,17,9,OPEN,NULL,NULL,1
1557936817,1575996019423,636,1,,0,0,17,9,OPEN,NULL,NULL,1
1557936817,1575996027086,637,1,,0,0,17,9,OPEN,NULL,NULL,1
1557936817,1575996019058,638,1,,0,0,17,9,OPEN,NULL,NULL,1
1557936817,1575996026858,639,1,,0,0,17,9,OPEN,NULL,NULL,1
1557936817,1575996011293,640,1,,0,0,17,9,OPEN,NULL,NULL,1
1557936817,1575996018286,641,1,NET,0,0,17,9,OPEN,NULL,NULL,1
1557936817,1575996017660,642,1,,0,0,17,9,OPEN,NULL,NULL,1
1557936817,1575996018970,643,1,,0,0,17,9,OPEN,NULL,NULL,1
1557936817,1575996018188,644,1,,0,0,21,9,OPEN,NULL,NULL,1
1557936817,1575996011832,645,1,,0,0,21,9,OPEN,NULL,NULL,1
1557936817,1575996030483,646,1,NET,0,0,21,9,OPEN,NULL,NULL,1
1557936817,1575996018024,647,1,,0,0,21,9,OPEN,NULL,NULL,1
1557936817,1575996017914,648,1,,0,0,21,9,OPEN,NULL,NULL,1
1557936817,1575996022636,649,1,,0,0,21,9,OPEN,NULL,NULL,1
1557936817,1575996011943,650,1,,0,0,21,9,OPEN,NULL,NULL,1
1557936817,1575996022354,651,1,,0,0,21,9,OPEN,NULL,NULL,1
1557936817,1575996023446,652,1,,0,0,21,9,OPEN,NULL,NULL,1
1557936817,1575996015627,653,1,,0,0,21,9,OPEN,NULL,NULL,1
1557936817,1575996018652,654,1,,0,0,21,9,OPEN,NULL,NULL,1
1557936817,1575996011860,655,1,,0,0,21,9,OPEN,NULL,NULL,1
1557936817,1575996023434,656,1,,0,0,21,9,OPEN,NULL,NULL,1
1557936817,1575996018284,657,1,,0,0,21,9,OPEN,NULL,NULL,1
1557936817,1575996027723,658,1,,0,0,21,9,OPEN,NULL,NULL,1
1557936817,1575996021541,659,1,,0,0,21,9,OPEN,NULL,NULL,1
1557936817,1575996012667,662,1,NET,1,1,17,9,PENDING,1562612973,NULL,1
1557936817,1575996017126,668,1,LATAM,1,1,18,2,DONE,NULL,NULL,1
1557936817,1575996018452,669,1,,0,0,18,9,OPEN,NULL,NULL,1
1557936817,1575996022269,676,1,,0,0,18,9,OPEN,NULL,NULL,1
1557936817,1575996021483,677,1,,0,0,18,9,OPEN,NULL,NULL,1
1557936817,1575996030009,678,1,,0,0,18,9,OPEN,NULL,NULL,1
1557936817,1575996018698,679,1,,0,0,18,9,OPEN,NULL,NULL,1
1557936817,1575996018563,680,1,,0,0,18,9,OPEN,NULL,NULL,1
1557936817,1575996021280,681,1,,0,0,18,9,OPEN,NULL,NULL,1
1557936817,1575996019249,682,1,,0,0,18,9,OPEN,NULL,NULL,1
1557936817,1575996013260,683,1,,0,0,18,9,OPEN,NULL,NULL,1
1557936817,1575996018764,684,1,,0,0,18,9,OPEN,NULL,NULL,1
1557936817,1575996031762,685,1,,0,0,18,9,OPEN,NULL,NULL,1
1557936817,1575996043744,686,1,VIVO,1,1,18,9,OPEN,NULL,NULL,1
1557936817,1575996022621,687,1,NET,0,0,18,9,OPEN,NULL,NULL,1
1557936817,1575996011423,688,1,NET,1,1,18,9,PENDING,1562612488,NULL,1
1557936817,1575996023134,689,1,,0,0,18,9,OPEN,NULL,NULL,1
1557936817,1575996023379,690,1,,0,0,18,9,OPEN,NULL,NULL,1
1557936817,1575996025975,691,1,,0,0,18,9,OPEN,NULL,NULL,1
1557936817,1575996022418,692,1,VIVO,1,1,18,9,PENDING,1564754537,NULL,1
1557936817,1575996011420,693,1,,0,0,18,9,OPEN,NULL,NULL,1
1557936817,1575996043851,694,1,,0,0,18,9,OPEN,NULL,NULL,1
1557936817,1575996043811,695,1,NET,0,0,18,9,OPEN,NULL,NULL,1
1557936817,1575996043889,696,1,,0,0,18,9,OPEN,NULL,NULL,1
1557936817,1575996028503,697,1,,0,0,18,9,OPEN,NULL,NULL,1
1557936817,1575996011728,698,1,,0,0,18,9,OPEN,NULL,NULL,1
1557936817,1575996021539,699,1,,0,0,18,9,OPEN,NULL,NULL,1
1557936817,1575996043685,700,1,,0,0,18,9,OPEN,NULL,NULL,1
1557936817,1575996044044,701,1,,0,0,18,9,OPEN,NULL,NULL,1
1557936817,1575996022712,702,1,,0,0,18,9,OPEN,NULL,NULL,1
1557936817,1575996012333,703,1,,0,0,18,9,OPEN,NULL,NULL,1
1557936817,1575996043980,704,1,,0,0,18,9,OPEN,NULL,NULL,1
1557936817,1575996043783,705,1,NET,0,0,18,9,OPEN,NULL,NULL,1
1557936817,1575996021947,706,1,NET,0,0,18,9,OPEN,NULL,NULL,1
1557936817,1575996021509,707,1,,0,0,18,9,OPEN,NULL,NULL,1
1557936817,1575996014637,708,1,NET,0,0,18,9,OPEN,NULL,NULL,1
1557936817,1575996043863,709,1,,0,0,18,9,OPEN,NULL,NULL,1
1557936817,1575996043978,710,1,,0,0,18,9,OPEN,NULL,NULL,1
1557936817,1575996022476,711,1,VIVO,0,0,18,9,OPEN,NULL,NULL,1
1557936817,1575996022730,712,1,SKY,1,1,18,9,WON,1568914419,NULL,1
1557936817,1575996013062,713,1,,0,0,18,9,OPEN,NULL,NULL,1
1557936817,1575996026815,714,1,,0,0,18,9,OPEN,NULL,NULL,1
1557936817,1575996015493,715,1,,0,0,18,9,OPEN,NULL,NULL,1
1557936817,1575996019037,716,1,,0,0,18,9,OPEN,NULL,NULL,1
1557936817,1575996018590,717,1,,0,0,18,9,OPEN,NULL,NULL,1
1557936817,1575996014702,718,1,SKY,0,0,18,9,OPEN,NULL,NULL,1
1557936817,1575996026963,719,1,,0,0,159,9,OPEN,NULL,NULL,1
1557936817,1575996021940,720,1,SKY,0,0,18,9,OPEN,NULL,NULL,1
1557936817,1575996022665,721,1,,0,0,159,9,OPEN,NULL,NULL,1
1557936817,1575996015168,722,1,,0,0,159,9,OPEN,NULL,NULL,1
1557936817,1575996019086,724,1,SKY,1,1,159,9,PENDING,NULL,NULL,1
1557936817,1575996021870,725,1,,0,0,159,10,OPEN,NULL,NULL,1
1557936817,1575996020192,726,1,SKY,1,1,26,9,PENDING,NULL,NULL,1
1557936817,1575996028339,727,1,SKY,1,1,26,9,PENDING,NULL,NULL,1
1557936817,1575996014827,728,1,,0,0,94,9,OPEN,NULL,NULL,1
1557936817,1575996027924,729,1,,0,0,94,9,OPEN,NULL,NULL,1
1557936817,1575996027088,730,1,,0,0,94,9,OPEN,NULL,NULL,1
1557936817,1575996020145,731,1,NET,0,0,94,9,OPEN,NULL,NULL,1
1557936817,1575996019346,732,1,,0,0,94,9,OPEN,NULL,NULL,1
1557936817,1575996014829,733,1,,0,0,94,9,OPEN,NULL,NULL,1
1557936817,1575996027362,734,1,NET,1,1,94,9,PENDING,NULL,NULL,1
1557936817,1575996019039,735,1,,0,0,94,9,OPEN,NULL,NULL,1
1557936817,1575996018229,736,1,NET,1,1,94,9,LOST,NULL,NULL,1
1557936817,1575996026175,737,1,NET,0,0,94,9,OPEN,NULL,NULL,1
1557936817,1575996015215,738,1,,0,0,94,9,OPEN,NULL,NULL,1
1557936817,1575996020243,739,1,,0,0,94,9,OPEN,NULL,NULL,1
1557936817,1575996022752,740,1,,0,0,94,9,OPEN,NULL,NULL,1
1557936817,1575996028027,741,1,,0,0,94,9,OPEN,NULL,NULL,1
1557936817,1575996027646,742,1,,0,0,94,9,OPEN,NULL,NULL,1
1557936817,1575996013351,743,1,,0,0,94,9,OPEN,NULL,NULL,1
1557936817,1575996018900,744,1,,0,0,94,9,OPEN,NULL,NULL,1
1557936817,1575996032969,745,1,,0,0,94,9,OPEN,NULL,NULL,1
1557936817,1575996018999,746,1,,0,0,94,9,OPEN,NULL,NULL,1
1557936817,1575996033009,747,1,,0,0,94,9,OPEN,NULL,NULL,1
1557936817,1575996014964,748,1,,0,0,94,9,OPEN,NULL,NULL,1
1557936817,1575996020211,749,1,NET,0,0,94,9,OPEN,NULL,NULL,1
1557936817,1575996026186,750,1,NET,1,1,94,9,PENDING,NULL,NULL,1
1557936817,1575996027740,751,1,SKY,1,1,94,9,PENDING,NULL,NULL,1
1557936817,1575996027877,752,1,NET,1,1,94,9,PENDING,NULL,NULL,1
1557936817,1575996014945,753,1,NET,1,1,94,9,WON,NULL,NULL,1
1557936817,1575996026069,754,1,,0,0,94,9,OPEN,NULL,NULL,1
1557936817,1575996022514,755,1,,0,0,94,9,OPEN,NULL,NULL,1
1557936817,1575996027434,756,1,,0,0,94,9,OPEN,NULL,NULL,1
1557936817,1575996014797,757,1,,0,0,94,9,OPEN,NULL,NULL,1
1557936817,1575996025972,758,1,,0,0,94,9,OPEN,NULL,NULL,1
1557936817,1575996027893,759,1,,0,0,94,9,OPEN,NULL,NULL,1
1557936817,1575996027806,760,1,,0,0,94,9,OPEN,NULL,NULL,1
1557936817,1575996027571,761,1,,0,0,94,9,OPEN,NULL,NULL,1
1557936817,1575996026235,762,1,,0,0,94,9,OPEN,NULL,NULL,1
1557936817,1575996014772,763,1,,0,0,94,9,OPEN,NULL,NULL,1
1557936817,1575996025992,764,1,,0,0,94,9,OPEN,NULL,NULL,1
1557936817,1575996028395,765,1,,0,0,94,9,OPEN,NULL,NULL,1
1557936817,1575996027407,766,1,,0,0,94,9,OPEN,NULL,NULL,1
1557936817,1575996043961,767,1,,0,0,94,9,OPEN,NULL,NULL,1
1557936817,1575996014768,768,1,"Distrito Federal",1,1,93,10,OPEN,NULL,NULL,1
1557936817,1575996022917,769,1,"Distrito Federal ",1,1,94,10,PENDING,NULL,NULL,1
1557936817,1575996028388,770,1,NET,1,1,94,9,PENDING,NULL,NULL,1
1557936817,1575996026020,771,1,,0,0,94,9,OPEN,NULL,NULL,1
1557936817,1575996026501,772,1,,0,0,94,9,OPEN,NULL,NULL,1
1557936817,1575996015011,773,1,NET,0,0,94,9,OPEN,NULL,NULL,1
1557936817,1575996026540,774,1,,0,0,94,9,OPEN,NULL,NULL,1
1557936817,1575996022806,775,1,,0,0,94,9,OPEN,NULL,NULL,1
1557936817,1575996026661,776,1,,0,0,94,9,OPEN,NULL,NULL,1
1557936817,1575996026980,777,1,,0,0,94,9,OPEN,NULL,NULL,1
1557936817,1575996025838,778,1,,0,0,94,9,OPEN,NULL,NULL,1
1557936817,1575996014799,779,1,,0,0,94,9,OPEN,NULL,NULL,1
1557936817,1575996027789,780,1,,0,0,94,9,OPEN,NULL,NULL,1
1557936817,1575996026756,781,1,,0,0,94,9,OPEN,NULL,NULL,1
1557936817,1575996025876,782,1,,0,0,94,9,OPEN,NULL,NULL,1
1557936817,1575996014941,783,1,,0,0,94,9,OPEN,NULL,NULL,1
1557936817,1575996027608,784,1,,0,0,94,9,OPEN,NULL,NULL,1
1557936817,1575996028343,785,1,,0,0,94,9,OPEN,NULL,NULL,1
1557936817,1575996028492,786,1,,0,0,94,9,OPEN,NULL,NULL,1
1557936817,1575996023086,787,1,,0,0,94,9,OPEN,NULL,NULL,1
1557936817,1575996015003,788,1,,0,0,94,9,OPEN,NULL,NULL,1
1557936817,1575996027666,789,1,NET,1,1,94,9,DONE,NULL,NULL,1
1557936817,1575996022786,790,1,,0,0,94,9,OPEN,NULL,NULL,1
1557936817,1575996026885,791,1,VIVO,0,0,94,9,OPEN,NULL,NULL,1
1557936817,1575996026434,792,1,VIVO,0,0,94,9,OPEN,NULL,NULL,1
1557936817,1575996014902,793,1,,0,0,18,2,OPEN,NULL,NULL,1
1557936817,1575996027017,794,1,,0,0,94,9,OPEN,NULL,NULL,1
1557936817,1575996022891,795,1,,0,0,94,9,OPEN,NULL,NULL,1
1557936817,1575996027481,796,1,,0,0,94,9,OPEN,NULL,NULL,1
1557936817,1575996027098,797,1,,0,0,94,9,OPEN,NULL,NULL,1
1557936817,1575996014807,798,1,,0,0,94,9,OPEN,NULL,NULL,1
1557936817,1575996033386,799,1,VIVO,0,0,94,9,OPEN,NULL,NULL,1
1557936817,1575996027501,800,1,,0,0,94,9,OPEN,NULL,NULL,1
1557936817,1575996023023,801,1,,0,0,94,9,OPEN,NULL,NULL,1
1557936817,1575996026252,802,1,,0,0,94,9,OPEN,NULL,NULL,1
1557936817,1575996014971,803,1,,0,0,94,9,OPEN,NULL,NULL,1
1557936817,1575996027835,804,1,,0,0,94,9,OPEN,NULL,NULL,1
1557936817,1575996027039,805,1,,0,0,94,9,OPEN,NULL,NULL,1
1557936817,1575996027059,806,1,,0,0,94,9,OPEN,NULL,NULL,1
1557936817,1575996028511,807,1,,0,0,94,9,OPEN,NULL,NULL,1
1557936817,1575996015156,808,1,NET,0,0,94,9,OPEN,NULL,NULL,1
1557936817,1575996028553,809,1,,0,0,94,9,OPEN,NULL,NULL,1
1557936817,1575996028711,810,1,,0,0,94,9,OPEN,NULL,NULL,1
1557936817,1575996026184,811,1,NET,1,1,94,9,PENDING,NULL,NULL,1
1557936817,1575996026188,812,1,,0,0,94,9,OPEN,NULL,NULL,1
1557936817,1575996015196,813,1,NET,0,0,94,9,OPEN,NULL,NULL,1
1557936817,1575996026562,814,1,,0,0,94,9,OPEN,NULL,NULL,1
1557936817,1575996026960,815,1,,0,0,94,9,OPEN,NULL,NULL,1
1557936817,1575996027020,816,1,,0,0,18,2,OPEN,NULL,NULL,1
1557936817,1575996028414,817,1,NET,1,1,94,9,PENDING,NULL,NULL,1
1557936817,1575996015063,818,1,,0,0,94,9,OPEN,NULL,NULL,1
1557936817,1575996023217,819,1,SKY,1,1,94,9,PENDING,NULL,NULL,1
1557936817,1575996026689,820,1,VIVO,0,0,94,9,OPEN,NULL,NULL,1
1557936817,1575996028571,821,1,,0,0,94,9,OPEN,NULL,NULL,1
1557936817,1575996014921,822,1,,0,0,94,9,OPEN,NULL,NULL,1
1557936817,1575996028087,823,1,NET,0,0,94,9,OPEN,NULL,NULL,1
1557936817,1575996023253,828,1,NET,1,1,159,9,PENDING,NULL,NULL,1
1557936817,1575996027037,829,1,SKY,0,0,159,9,OPEN,NULL,NULL,1
1557936817,1575996022965,830,1,NET,1,1,159,9,PENDING,NULL,NULL,1
1557936817,1575996015060,831,1,SKY,1,1,159,9,PENDING,NULL,NULL,1
1557936817,1575996027337,832,1,SKY,1,1,159,9,PENDING,NULL,NULL,1
1557936817,1575996021269,833,1,LATAM,1,1,18,3,PENDING,NULL,NULL,1
1557936817,1575996027706,834,1,,0,0,159,9,OPEN,NULL,NULL,1
1557936817,1575996026631,835,1,,0,0,159,9,OPEN,NULL,NULL,1
1557936817,1575996028331,836,1,NET,1,1,159,9,PENDING,NULL,NULL,1
1557936817,1575996028379,837,1,,0,0,159,9,OPEN,NULL,NULL,1
1557936817,1575996027010,838,1,,0,0,159,9,OPEN,NULL,NULL,1
1557936817,1575996028581,839,1,,0,0,159,9,OPEN,NULL,NULL,1
1557936817,1575996028397,840,1,,0,0,159,9,OPEN,NULL,NULL,1
1557936817,1575996023059,841,1,,0,0,159,9,OPEN,NULL,NULL,1
1557936817,1575996014858,842,1,,0,0,159,9,OPEN,NULL,NULL,1
1557936817,1575996022936,843,1,SKY,1,1,159,9,PENDING,NULL,NULL,1
1557936817,1575996025225,844,1,SKY,1,1,159,9,PENDING,NULL,NULL,1
1557936817,1575996022821,845,1,NET,1,1,159,9,PENDING,NULL,NULL,1
1557936817,1575996025254,846,1,,0,0,159,9,OPEN,NULL,NULL,1
1557936817,1575996015100,847,1,NET,0,0,17,9,PENDING,NULL,NULL,1
1557936817,1575996027816,848,1,NET,1,1,17,9,PENDING,1562610805,NULL,1
1557936817,1575996022888,849,1,NET,1,1,18,9,PENDING,1562610636,NULL,1
1557936817,1575996025041,850,1,NET,1,1,17,9,PENDING,1562610789,NULL,1
1557936817,1575996026050,851,1,SKY,1,1,17,9,PENDING,NULL,NULL,1
1557936817,1575996015166,852,1,NET,1,1,18,9,PENDING,1567449328,NULL,1
1557936817,1575996023466,853,1,,0,0,17,9,OPEN,NULL,NULL,1
1557936817,1575996023706,854,1,,0,0,17,9,OPEN,NULL,NULL,1
1557936817,1575996028198,855,1,,0,0,17,9,OPEN,NULL,NULL,1
1557936817,1575996021185,856,1,NET,0,0,21,9,OPEN,NULL,NULL,1
1557936817,1575996025283,857,1,,0,0,21,9,OPEN,NULL,NULL,1
1557936817,1575996025197,858,1,,0,0,21,9,OPEN,NULL,NULL,1
1557936817,1575996027418,859,1,,0,0,21,9,OPEN,NULL,NULL,1
1557936817,1575996027680,860,1,,0,0,21,9,OPEN,NULL,NULL,1
1557936817,1575996021202,861,1,,0,0,21,9,OPEN,NULL,NULL,1
1557936817,1575996028069,862,1,,0,0,21,9,OPEN,NULL,NULL,1
1557936817,1575996025181,863,1,NET,1,1,21,9,PENDING,NULL,NULL,1
1557936817,1575996025402,864,1,,0,0,21,9,OPEN,NULL,NULL,1
1557936817,1575996028114,865,1,SKY,0,0,21,9,OPEN,NULL,NULL,1
1557936817,1575996015577,866,1,,0,0,21,9,OPEN,NULL,NULL,1
1557936817,1575996045195,867,1,,0,0,21,9,OPEN,NULL,NULL,1
1557936817,1575996025022,868,1,,0,0,21,9,OPEN,NULL,NULL,1
1557936817,1575996027768,869,1,,0,0,21,9,OPEN,NULL,NULL,1
1557936817,1575996028210,870,1,,0,0,21,9,OPEN,NULL,NULL,1
1557936817,1575996021423,871,1,,0,0,21,9,OPEN,NULL,NULL,1
1557936817,1575996024570,872,1,,0,0,21,9,OPEN,NULL,NULL,1
1557936817,1575996023183,873,1,,0,0,21,9,OPEN,NULL,NULL,1
1557936817,1575996022871,874,1,,0,0,21,9,OPEN,NULL,NULL,1
1557936817,1575996025004,875,1,,0,0,21,9,OPEN,NULL,NULL,1
1557936817,1575996042371,876,1,,0,0,21,9,OPEN,NULL,NULL,1
1557936817,1575996025855,877,1,NET,0,0,21,9,OPEN,NULL,NULL,1
1557936817,1575996025458,878,1,,0,0,21,9,OPEN,NULL,NULL,1
1557936817,1575996022900,879,1,NET,1,1,21,9,WON,NULL,NULL,1
1557936817,1575996022984,880,1,,0,0,21,9,OPEN,NULL,NULL,1
1557936817,1575996021695,881,1,,0,0,21,9,OPEN,NULL,NULL,1
1557936817,1575996045166,882,1,,0,0,21,9,OPEN,NULL,NULL,1
1557936817,1575996024717,883,1,,0,0,21,9,OPEN,NULL,NULL,1
1557936817,1575996024874,884,1,,0,0,21,9,OPEN,NULL,NULL,1
1557936817,1575996025061,885,1,,0,0,21,9,OPEN,NULL,NULL,1
1557936817,1575996023298,886,1,NET,0,0,21,9,OPEN,NULL,NULL,1
1557936817,1575996024699,887,1,NET,1,1,94,9,PENDING,NULL,NULL,1
1557936817,1575996025200,888,1,,0,0,21,9,OPEN,NULL,NULL,1
1557936817,1575996045400,889,1,,0,0,21,9,OPEN,NULL,NULL,1
1557936817,1575996045254,890,1,,0,0,21,9,OPEN,NULL,NULL,1
1557936817,1575996021221,891,1,,0,0,21,9,OPEN,NULL,NULL,1
1557936817,1575996024496,892,1,,0,0,21,9,OPEN,NULL,NULL,1
1557936817,1575996024632,893,1,,0,0,21,9,OPEN,NULL,NULL,1
1557936817,1575996023473,894,1,,0,0,21,9,OPEN,NULL,NULL,1
1557936817,1575996045419,895,1,,0,0,21,9,OPEN,NULL,NULL,1
1557936817,1575996042932,896,1,,0,0,21,9,OPEN,NULL,NULL,1
1557936817,1575996024455,897,1,,0,0,21,9,OPEN,NULL,NULL,1
1557936817,1575996024611,898,1,,0,0,21,9,OPEN,NULL,NULL,1
1557936817,1575996025579,899,1,,0,0,21,9,OPEN,NULL,NULL,1
1557936817,1575996028675,900,1,,0,0,21,9,OPEN,NULL,NULL,1
1557936817,1575996021521,901,1,SKY,0,0,21,9,OPEN,NULL,NULL,1
1557936817,1575996024026,902,1,,0,0,21,9,OPEN,NULL,NULL,1
1557936817,1575996045402,903,1,,0,0,21,9,OPEN,NULL,NULL,1
1557936817,1575996045234,904,1,SKY,1,1,17,9,PENDING,NULL,NULL,1
1557936817,1575996023418,905,1,SKY,0,0,17,9,OPEN,NULL,NULL,1
1557936817,1575996021424,906,1,,0,0,17,9,OPEN,NULL,NULL,1
1557936817,1575996028895,907,1,SKY,0,0,17,9,OPEN,NULL,NULL,1
1557936817,1575996024859,908,1,NET,1,1,17,9,PENDING,1562610746,NULL,1
1557936817,1575996025508,909,1,NET,1,1,94,9,PENDING,NULL,NULL,1
1557936817,1575996025439,910,1,,0,0,21,9,OPEN,NULL,NULL,1
1557936817,1575996021443,911,1,,0,0,21,9,OPEN,NULL,NULL,1
1557936817,1575996023771,912,1,,0,0,21,9,OPEN,NULL,NULL,1
1557936817,1575996025461,913,1,,0,0,21,9,OPEN,NULL,NULL,1
1557936817,1575996045118,914,1,NET,0,0,94,9,OPEN,NULL,NULL,1
1557936817,1575996023573,915,1,SKY,1,1,21,9,PENDING,1570541189,NULL,1
1557936817,1575996022692,916,1,,0,0,21,9,OPEN,NULL,NULL,1
1557936817,1575996025153,917,1,,0,0,21,9,OPEN,NULL,NULL,1
1557936817,1575996024408,918,1,NET,1,1,21,9,WON,NULL,NULL,1
1557936817,1575996028610,919,1,,0,0,21,9,OPEN,NULL,NULL,1
1557936817,1575996028673,920,1,,0,0,21,9,OPEN,NULL,NULL,1
1557936817,1575996021277,921,1,,0,0,21,9,OPEN,NULL,NULL,1
1557936817,1575996025537,922,1,,0,0,21,9,OPEN,NULL,NULL,1
1557936817,1575996025399,923,1,NET,1,1,21,9,PENDING,NULL,NULL,1
1557936817,1575996028635,924,1,,0,0,21,9,OPEN,NULL,NULL,1
1557936817,1575996025150,925,1,,0,0,21,9,OPEN,NULL,NULL,1
1557936817,1575996021551,926,1,,0,0,21,9,OPEN,NULL,NULL,1
1557936817,1575996025002,927,1,,0,0,21,9,OPEN,NULL,NULL,1
1557936817,1575996025120,928,1,,0,0,21,9,OPEN,NULL,NULL,1
1557936817,1575996028815,929,1,,0,0,21,9,OPEN,NULL,NULL,1
1557936817,1575996028877,930,1,,0,0,21,9,OPEN,NULL,NULL,1
1557936817,1575996022120,931,1,NET,0,0,18,9,OPEN,NULL,NULL,1
1557936817,1575996025380,932,1,,0,0,94,9,OPEN,NULL,NULL,1
1557936817,1575996028796,933,1,,0,0,94,9,OPEN,NULL,NULL,1
1557936817,1575996034305,934,1,,0,0,94,9,OPEN,NULL,NULL,1
1557936817,1575996045441,935,1,NET,0,0,94,9,OPEN,NULL,NULL,1
1557936817,1575996043422,936,1,,0,0,94,9,OPEN,NULL,NULL,1
1557936817,1575996028747,937,1,NET,0,0,94,9,OPEN,NULL,NULL,1
1557936817,1575996029010,938,1,,0,0,94,9,OPEN,NULL,NULL,1
1557936817,1575996028591,942,1,,0,0,159,9,OPEN,NULL,NULL,1
1557936817,1575996045371,943,1,,0,0,159,9,OPEN,NULL,NULL,1
1557936817,1575996042893,945,1,LATAM,1,1,26,3,DONE,NULL,NULL,1
1557936817,1575996028952,946,1,,0,0,26,3,OPEN,NULL,NULL,1
1557936817,1575996028866,947,1,,0,0,26,3,OPEN,NULL,NULL,1
1557936817,1575996021520,948,1,,0,0,159,9,OPEN,NULL,NULL,1
1557936817,1575996045439,949,1,SKY,1,1,94,9,PENDING,NULL,NULL,1
1557936817,1575996042890,950,1,,0,0,159,9,OPEN,NULL,NULL,1
1557936817,1575996025341,951,1,SKY,1,1,94,9,PENDING,NULL,NULL,1
1557936817,1575996036799,952,1,NET,0,0,159,9,OPEN,NULL,NULL,1
1557936817,1575996028981,953,1,NET,1,1,94,9,PENDING,NULL,NULL,1
1557936817,1575996028840,954,1,,0,0,159,9,OPEN,NULL,NULL,1
1557936817,1575996021838,955,1,,0,0,159,9,OPEN,NULL,NULL,1
1557936817,1575996025644,956,1,,0,0,159,9,OPEN,NULL,NULL,1
1557936817,1575996028774,957,1,,0,0,159,9,OPEN,NULL,NULL,1
1557936817,1575996023415,958,1,,0,0,159,9,OPEN,NULL,NULL,1
1557936817,1575996034452,959,1,,0,0,159,9,OPEN,NULL,NULL,1
1557936817,1575996022497,960,1,,0,0,159,9,OPEN,NULL,NULL,1
1557936817,1575996034351,961,1,,0,0,159,9,OPEN,NULL,NULL,1
1557936817,1575996034479,962,1,,0,0,159,9,OPEN,NULL,NULL,1
1557936817,1575996028998,963,1,,0,0,159,9,OPEN,NULL,NULL,1
1557936817,1575996028930,964,1,VIVO,1,1,94,9,PENDING,NULL,NULL,1
1557936817,1575996044862,965,1,,0,0,94,9,OPEN,NULL,NULL,1
1557936817,1575996025598,966,1,NET,1,1,94,9,PENDING,NULL,NULL,1
1557936817,1575996045207,967,1,,0,0,94,9,OPEN,NULL,NULL,1
1557936817,1575996023907,968,1,,0,0,94,9,OPEN,NULL,NULL,1
1557936817,1575996034455,969,1,SKY,1,1,94,9,PENDING,NULL,NULL,1
1557936817,1575996044882,970,1,,0,0,94,9,OPEN,NULL,NULL,1
1557936817,1575996028970,971,1,,0,0,94,9,OPEN,NULL,NULL,1
1557936817,1575996028961,972,1,,1,0,94,9,OPEN,NULL,NULL,1
1557936817,1575996034332,973,1,GOL,1,1,26,2,WON,NULL,NULL,1
1557936817,1575996025382,977,1,,0,0,26,9,OPEN,NULL,NULL,1
1557936817,1575996022272,978,1,,0,0,26,9,OPEN,NULL,NULL,1
1557936817,1575996029018,979,1,,0,0,26,9,OPEN,NULL,NULL,1
1557936817,1575996034693,980,1,,1,0,26,9,OPEN,NULL,NULL,1
1557936817,1575996045070,981,1,,0,0,26,9,OPEN,NULL,NULL,1
1557936817,1575996034560,982,1,,0,0,26,9,OPEN,NULL,NULL,1
1557936817,1575996023347,983,1,,0,0,26,9,OPEN,NULL,NULL,1
1557936817,1575996029020,984,1,,0,0,26,9,OPEN,NULL,NULL,1
1557936817,1575996028913,985,1,,0,0,26,9,OPEN,NULL,NULL,1
1557936817,1575996037110,986,1,,0,0,26,9,OPEN,NULL,NULL,1
1557936817,1575996025419,987,1,,0,0,26,9,OPEN,NULL,NULL,1
1557936817,1575996034219,988,1,NET,0,0,26,9,OPEN,NULL,NULL,1
1557936817,1575996034672,989,1,GVT,0,0,26,9,OPEN,NULL,NULL,1
1557936817,1575996025673,990,1,,0,0,26,9,OPEN,NULL,NULL,1
1557936817,1575996034507,991,1,NET,1,1,26,9,PENDING,NULL,NULL,1
1557936817,1575996023376,992,1,NET,1,1,26,9,DONE,NULL,NULL,1
1557936817,1575996045146,993,1,,0,0,26,9,OPEN,NULL,NULL,1
1557936817,1575996037420,994,1,NET,1,1,26,9,PENDING,NULL,NULL,1
1557936817,1575996015541,995,1,,0,0,26,9,OPEN,NULL,NULL,1
1557936817,1575996034348,996,1,,0,0,26,9,OPEN,NULL,NULL,1
1557936817,1575996023255,997,1,,0,0,26,9,OPEN,NULL,NULL,1
1557936817,1575996034171,998,1,,0,0,26,9,OPEN,NULL,NULL,1
1557936817,1575996034770,999,1,,0,0,26,9,OPEN,NULL,NULL,1
1557936817,1575996033274,1000,1,,0,0,26,9,OPEN,NULL,NULL,1
1557936817,1575996036791,1001,1,,0,0,26,9,OPEN,NULL,NULL,1
1557936817,1575996044751,1002,1,,0,0,26,9,OPEN,NULL,NULL,1
1557936817,1575996034691,1003,1,,0,0,26,9,OPEN,NULL,NULL,1
1557936817,1575996036789,1004,1,,0,0,26,9,OPEN,NULL,NULL,1
1557936817,1575996033091,1005,1,,0,0,26,9,OPEN,NULL,NULL,1
1557936817,1575996033982,1006,1,,0,0,26,9,OPEN,NULL,NULL,1
1557936817,1575996044741,1007,1,,0,0,26,9,OPEN,NULL,NULL,1
1557936817,1575996032869,1008,1,,0,0,26,9,OPEN,NULL,NULL,1
1557936817,1575996030704,1010,1,"B2BR Business to Business Informatica do Brasil  LTDA",0,0,159,14,OPEN,NULL,NULL,1
1557936817,1575996025527,1011,1,,0,0,26,9,OPEN,NULL,NULL,1
1557936817,1575996033980,1012,1,NET,0,0,26,9,OPEN,NULL,NULL,1
1557936817,1575996044833,1013,1,,0,0,26,9,OPEN,NULL,NULL,1
1557936817,1575996023443,1017,1,,0,0,26,9,OPEN,NULL,NULL,1
1557936817,1575996030735,1018,1,,0,0,26,9,OPEN,NULL,NULL,1
1557936817,1575996032483,1019,1,,1,0,26,9,OPEN,NULL,NULL,1
1557936817,1575996037792,1020,1,,0,0,26,9,OPEN,NULL,NULL,1
1557936817,1575996044843,1021,1,,0,0,26,9,OPEN,NULL,NULL,1
1557936817,1575996037002,1022,1,,0,0,17,13,OPEN,NULL,NULL,1
1557936817,1575996030881,1023,1,,0,0,26,9,OPEN,NULL,NULL,1
1557936817,1575996034048,1024,1,,0,0,26,9,OPEN,NULL,NULL,1
1557936817,1575996034635,1025,1,VIVO,0,0,26,9,OPEN,NULL,NULL,1
1557936817,1575996030516,1026,1,NET,0,0,26,9,OPEN,NULL,NULL,1
1557936817,1575996032839,1027,1,,0,0,26,9,OPEN,NULL,NULL,1
1557936817,1575996035909,1028,1,,0,0,26,9,OPEN,NULL,NULL,1
1557936817,1575996025560,1029,1,,0,0,26,9,OPEN,NULL,NULL,1
1557936817,1575996032931,1030,1,,0,0,26,9,OPEN,NULL,NULL,1
1557936817,1575996030531,1031,1,NET,0,0,26,9,OPEN,NULL,NULL,1
1557936817,1575996031810,1032,1,NET,1,1,26,9,PENDING,NULL,NULL,1
1557936817,1575996031818,1033,1,,0,0,26,9,OPEN,NULL,NULL,1
1557936817,1575996034703,1034,1,,0,0,26,9,OPEN,NULL,NULL,1
1557936817,1575996030533,1035,1,,0,0,26,9,OPEN,NULL,NULL,1
1557936817,1575996030969,1036,1,,0,0,26,9,OPEN,NULL,NULL,1
1557936817,1575996033222,1037,1,SKY,1,1,26,9,LOST,NULL,NULL,1
1557936817,1575996035958,1038,1,,0,0,26,9,OPEN,NULL,NULL,1
1557936817,1575996034711,1039,1,,0,0,26,9,OPEN,NULL,NULL,1
1557936817,1575996037941,1040,1,NET,0,0,26,9,OPEN,NULL,NULL,1
1557936817,1575996030596,1041,1,NET,1,0,26,9,OPEN,NULL,NULL,1
1557936817,1575996037442,1042,1,,0,0,26,9,OPEN,NULL,NULL,1
1557936817,1575996030707,1043,1,NET,1,1,26,9,PENDING,NULL,NULL,1
1557936817,1575996032388,1046,1,"B2BR Business to Business Informatica do Brasil  LTDA",0,0,159,14,OPEN,NULL,NULL,1
1557936817,1575996037733,1047,1,CEB,0,0,17,10,OPEN,NULL,NULL,1
1557936817,1575996023052,1048,1,SKY,1,1,18,9,PENDING,1571240871,NULL,1
1557936817,1575996037542,1049,1,,0,0,18,9,OPEN,NULL,NULL,1
1557936817,1575996035762,1050,1,SKY,1,1,18,9,PENDING,NULL,NULL,1
1557936817,1575996035848,1051,1,,0,0,18,9,OPEN,NULL,NULL,1
1557936817,1575996038768,1052,1,,0,0,18,9,OPEN,NULL,NULL,1
1557936817,1575996035543,1053,1,,0,0,18,9,OPEN,NULL,NULL,1
1557936817,1575996037494,1054,1,,0,0,18,9,OPEN,NULL,NULL,1
1557936817,1575996030841,1055,1,,0,0,18,9,OPEN,NULL,NULL,1
1557936817,1575996032999,1056,1,NET,1,0,18,9,OPEN,NULL,NULL,1
1557936817,1575996029155,1057,1,,0,0,18,9,OPEN,NULL,NULL,1
1557936817,1575996030573,1058,1,VIVO,1,1,18,9,PENDING,NULL,NULL,1
1557936817,1575996025740,1059,1,,0,0,18,9,OPEN,NULL,NULL,1
1557936817,1575996030838,1060,1,,0,0,18,9,OPEN,NULL,NULL,1
1557936817,1575996030733,1061,1,,1,0,18,9,OPEN,NULL,NULL,1
1557936817,1575996029028,1062,1,,0,0,18,9,OPEN,NULL,NULL,1
1557936817,1575996022750,1063,1,,0,0,18,9,OPEN,NULL,NULL,1
1557936817,1575996035790,1064,1,,0,0,18,9,OPEN,NULL,NULL,1
1557936817,1575996030665,1065,1,,0,0,18,9,OPEN,NULL,NULL,1
1557936817,1575996035877,1066,1,,0,0,18,9,OPEN,NULL,NULL,1
1557936817,1575996032826,1067,1,NET,1,1,18,9,PENDING,1562610825,NULL,1
1557936817,1575996023069,1068,1,,1,0,18,9,OPEN,NULL,NULL,1
1557936817,1575996020481,1069,1,,0,0,18,9,OPEN,NULL,NULL,1
1557936817,1575996033328,1070,1,NET,1,1,18,9,PENDING,NULL,NULL,1
1557936817,1575996032990,1071,1,,0,0,18,9,OPEN,NULL,NULL,1
1557936817,1575996025676,1072,1,,0,0,18,9,OPEN,NULL,NULL,1
1557936817,1575996031792,1073,1,,0,0,18,9,OPEN,NULL,NULL,1
1557936817,1575996032698,1074,1,,0,0,18,9,OPEN,NULL,NULL,1
1557936817,1575996033064,1075,1,NET,1,1,18,9,PENDING,NULL,NULL,1
1557936817,1575996042775,1076,1,,0,0,18,9,OPEN,NULL,NULL,1
1557936817,1575996043241,1078,1,SKY,1,1,18,9,PENDING,NULL,NULL,1
1557936817,1575996030645,1079,1,SKY,1,1,18,9,PENDING,NULL,NULL,1
1557936817,1575996037664,1080,1,,1,0,18,9,OPEN,NULL,NULL,1
1557936817,1575996029142,1081,1,SKY,1,1,18,9,PENDING,NULL,NULL,1
1557936817,1575996038148,1082,1,CLARO,1,1,18,9,PENDING,NULL,NULL,1
1557936817,1575996043317,1083,1,SKY,1,1,18,9,PENDING,1568914942,NULL,1
1557936817,1575996031342,1084,1,,0,0,18,9,OPEN,NULL,NULL,1
1557936817,1575996037815,1085,1,SKY,1,1,18,9,PENDING,NULL,NULL,1
1557936817,1575996033416,1086,1,,0,0,17,10,OPEN,NULL,NULL,1
1557936817,1575996042720,1087,1,SKY,1,0,18,9,OPEN,NULL,NULL,1
1557936817,1575996038048,1088,1,NET,1,1,18,9,PENDING,1568914203,NULL,1
1557936817,1575996029755,1089,1,,0,0,18,9,OPEN,NULL,NULL,1
1557936817,1575996029945,1090,1,,0,0,18,9,OPEN,NULL,NULL,1
1557936817,1575996029850,1091,1,VIVO,0,0,18,9,OPEN,NULL,NULL,1
1557936817,1575996030072,1092,1,,1,0,26,9,OPEN,NULL,NULL,1
1557936817,1575996030570,1093,1,SKY,0,0,26,9,OPEN,NULL,NULL,1
1557936817,1575996030502,1094,1,,1,0,26,9,OPEN,NULL,NULL,1
1557936817,1575996030218,1095,1,NET,1,0,26,9,OPEN,NULL,NULL,1
1557936817,1575996030055,1096,1,SKY,1,0,26,9,OPEN,NULL,NULL,1
1557936817,1575996029879,1097,1,,0,0,26,9,OPEN,NULL,NULL,1
1557936817,1575996029898,1098,1,RENALT,1,1,94,15,PENDING,NULL,NULL,1
1557936817,1575996029766,1099,1,,1,0,26,9,OPEN,NULL,NULL,1
1557936817,1575996029985,1100,1,,1,0,26,9,OPEN,NULL,NULL,1
1557936817,1575996030485,1101,1,,0,0,26,9,OPEN,NULL,NULL,1
1557936817,1575996030139,1102,1,,1,0,26,9,OPEN,NULL,NULL,1
1557936817,1575996031712,1103,1,,1,0,26,9,OPEN,NULL,NULL,1
1557936817,1575996030598,1104,1,,0,0,26,9,OPEN,NULL,NULL,1
1557936817,1575996039211,1105,1,SKY,1,1,26,9,PENDING,NULL,NULL,1
1557936817,1575996044116,1106,1,,0,0,26,9,OPEN,NULL,NULL,1
1557936817,1575996033502,1107,1,,0,0,26,9,OPEN,NULL,NULL,1
1557936817,1575996031790,1108,1,,0,0,26,9,OPEN,NULL,NULL,1
1557936817,1575996031197,1109,1,,0,0,26,9,OPEN,NULL,NULL,1
1557936817,1575996038785,1110,1,,0,0,26,9,OPEN,NULL,NULL,1
1557936817,1575996025024,1111,1,,0,0,26,9,OPEN,NULL,NULL,1
1557936817,1575996019394,1112,1,,0,0,26,9,OPEN,NULL,NULL,1
1557936817,1575996025557,1113,1,SKY,1,1,26,9,PENDING,NULL,NULL,1
1557936817,1575996031373,1114,1,,0,0,26,9,OPEN,NULL,NULL,1
1557936817,1575996033788,1115,1,,0,0,26,9,OPEN,NULL,NULL,1
1557936817,1575996038146,1116,1,,1,0,26,9,OPEN,NULL,NULL,1
1557936817,1575996033710,1117,1,,0,0,26,9,OPEN,NULL,NULL,1
1557936817,1575996042920,1118,1,,1,0,26,9,OPEN,NULL,NULL,1
1557936817,1575996023236,1119,1,,0,0,26,9,OPEN,NULL,NULL,1
1557936817,1575996025722,1120,1,,0,0,26,9,OPEN,NULL,NULL,1
1557936817,1575996025081,1121,1,,1,0,26,9,OPEN,NULL,NULL,1
1557936817,1575996039403,1122,1,,0,0,26,9,OPEN,NULL,NULL,1
1557936817,1575996031344,1123,1,,1,0,26,9,OPEN,NULL,NULL,1
1557936817,1575996038950,1124,1,,0,0,26,9,OPEN,NULL,NULL,1
1557936817,1575996036750,1125,1,,1,0,26,9,OPEN,NULL,NULL,1
1557936817,1575996039129,1126,1,,1,0,26,9,OPEN,NULL,NULL,1
1557936817,1575996042590,1127,1,,0,0,26,9,OPEN,NULL,NULL,1
1557936817,1575996031322,1128,1,,0,0,26,9,OPEN,NULL,NULL,1
1557936817,1575996033832,1129,1,,0,0,26,9,OPEN,NULL,NULL,1
1557936817,1575996038947,1130,1,,0,0,26,9,OPEN,NULL,NULL,1
1557936817,1575996043338,1131,1,,0,0,26,9,OPEN,NULL,NULL,1
1557936817,1575996039194,1132,1,,0,0,26,9,OPEN,NULL,NULL,1
1557936817,1575996031445,1133,1,NET,1,1,26,9,PENDING,NULL,NULL,1
1557936817,1575996042705,1134,1,,0,0,26,9,OPEN,NULL,NULL,1
1557936817,1575996026608,1135,1,,0,0,26,9,OPEN,NULL,NULL,1
1557936817,1575996038524,1136,1,,1,0,26,9,OPEN,NULL,NULL,1
1557936817,1575996039276,1137,1,SKY,1,1,26,9,PENDING,NULL,NULL,1
1557936817,1575996030967,1138,1,,0,0,26,9,OPEN,NULL,NULL,1
1557936817,1575996033738,1139,1,SKY,1,0,26,9,OPEN,NULL,NULL,1
1557936817,1575996043079,1140,1,,0,0,26,9,OPEN,NULL,NULL,1
1557936817,1575996026280,1141,1,SKY,1,1,26,9,PENDING,NULL,NULL,1
1557936817,1575996039158,1142,1,SKY,1,1,26,9,PENDING,NULL,NULL,1
1557936817,1575996035563,1143,1,,1,0,26,9,OPEN,NULL,NULL,1
1557936817,1575996037890,1144,1,SKY,1,1,26,9,PENDING,NULL,NULL,1
1557936817,1575996038846,1145,1,,1,0,26,9,OPEN,NULL,NULL,1
1557936817,1575996042756,1146,1,,1,0,26,9,OPEN,NULL,NULL,1
1557936817,1575996043161,1147,1,SKY,1,0,26,9,OPEN,NULL,NULL,1
1557936817,1575996031375,1148,1,CLARO,1,1,18,9,PENDING,1562610838,NULL,1
1557936817,1575996025595,1149,1,,1,0,26,9,OPEN,NULL,NULL,1
1557936817,1575996037747,1150,1,,0,0,26,9,OPEN,NULL,NULL,1
1557936817,1575996042741,1151,1,,0,0,26,9,OPEN,NULL,NULL,1
1557936817,1575996039257,1152,1,SKY,1,0,26,9,OPEN,NULL,NULL,1
1557936817,1575996035040,1153,1,NET,0,0,26,9,OPEN,NULL,NULL,1
1557936817,1575996039444,1154,1,,0,0,26,9,OPEN,NULL,NULL,1
1557936817,1575996042410,1155,1,SKY,0,0,26,9,OPEN,NULL,NULL,1
1557936817,1575996038843,1156,1,,0,0,26,9,OPEN,NULL,NULL,1
1557936817,1575996038649,1157,1,,0,0,26,9,OPEN,NULL,NULL,1
1557936817,1575996035180,1158,1,,1,0,26,9,OPEN,NULL,NULL,1
1557936817,1575996042483,1159,1,,0,0,26,9,OPEN,NULL,NULL,1
1557936817,1575996033903,1160,1,,0,0,26,9,OPEN,NULL,NULL,1
1557936817,1575996039038,1162,1,CLARO,0,0,26,9,OPEN,NULL,NULL,1
1557936817,1575996042998,1163,1,,0,0,26,9,OPEN,NULL,NULL,1
1557936817,1575996030940,1164,1,NET,0,0,26,9,OPEN,NULL,NULL,1
1557936817,1575996016929,1165,1,,0,0,26,9,OPEN,NULL,NULL,1
1557936817,1575996039067,1166,1,,1,0,26,9,OPEN,NULL,NULL,1
1557936817,1575996043335,1167,1,,0,0,26,9,OPEN,NULL,NULL,1
1557936817,1575996042759,1168,1,,1,0,26,9,OPEN,NULL,NULL,1
1557936817,1575996031093,1169,1,,1,0,26,9,OPEN,NULL,NULL,1
1557936817,1575996038750,1170,1,,0,0,26,9,OPEN,NULL,NULL,1
1557936817,1575996043042,1171,1,NET,1,0,26,9,OPEN,NULL,NULL,1
1557936817,1575996033872,1172,1,,0,0,26,9,OPEN,NULL,NULL,1
1557936817,1575996042967,1173,1,NET,1,1,26,9,PENDING,NULL,NULL,1
1557936817,1575996031325,1174,1,,0,0,26,9,OPEN,NULL,NULL,1
1557936817,1575996038905,1175,1,,0,0,26,9,OPEN,NULL,NULL,1
1557936817,1575996042980,1176,1,,0,0,26,9,OPEN,NULL,NULL,1
1557936817,1575996039003,1177,1,,0,0,26,9,OPEN,NULL,NULL,1
1557936817,1575996038599,1178,1,,1,0,26,9,OPEN,NULL,NULL,1
1557936817,1575996031537,1179,1,,0,0,26,9,OPEN,NULL,NULL,1
1557936817,1575996038795,1180,1,,1,0,26,9,OPEN,NULL,NULL,1
1557936817,1575996020543,1181,1,,0,0,26,9,OPEN,NULL,NULL,1
1557936817,1575996039000,1182,1,,0,0,26,9,OPEN,NULL,NULL,1
1557936817,1575996038631,1183,1,,0,0,26,9,OPEN,NULL,NULL,1
1557936817,1575996031399,1184,1,,0,0,26,9,OPEN,NULL,NULL,1
1557936817,1575996042543,1185,1,,1,0,26,9,OPEN,NULL,NULL,1
1557936817,1575996038823,1186,1,,0,0,26,9,OPEN,NULL,NULL,1
1557936817,1575996039020,1187,1,NET,1,1,26,9,PENDING,NULL,NULL,1
1557936817,1575996038668,1188,1,,0,0,26,9,OPEN,NULL,NULL,1
1557936817,1575996031195,1189,1,,1,0,26,9,OPEN,NULL,NULL,1
1557936817,1575996033844,1190,1,,1,0,26,9,OPEN,NULL,NULL,1
1557936817,1575996042977,1191,1,,1,0,26,9,OPEN,NULL,NULL,1
1557936817,1575996032499,1192,1,,0,0,26,9,OPEN,NULL,NULL,1
1557936817,1575996032306,1193,1,NET,1,1,26,9,PENDING,NULL,NULL,1
1557936817,1575996031114,1194,1,NET,1,0,26,9,OPEN,NULL,NULL,1
1557936817,1575996039232,1195,1,NET,0,0,26,9,OPEN,NULL,NULL,1
1557936817,1575996043059,1196,1,NET,1,1,26,9,PENDING,NULL,NULL,1
1557936817,1575996039991,1197,1,,1,0,26,9,OPEN,NULL,NULL,1
1557936817,1575996032799,1198,1,SKY,1,1,26,9,PENDING,NULL,NULL,1
1557936817,1575996023282,1199,1,,1,0,26,9,OPEN,NULL,NULL,1
1557936817,1575996040245,1200,1,,1,0,26,9,OPEN,NULL,NULL,1
1557936817,1575996040275,1201,1,SKY,1,1,26,9,PENDING,NULL,NULL,1
1557936817,1575996033348,1202,1,,0,0,26,9,OPEN,NULL,NULL,1
1557936817,1575996031858,1203,1,VIVO,1,1,17,9,PENDING,NULL,NULL,1
1557936817,1575996030987,1204,1,,0,0,26,9,OPEN,NULL,NULL,1
1557936817,1575996043375,1205,1,,0,0,26,9,OPEN,NULL,NULL,1
1557936817,1575996040503,1206,1,,0,0,26,9,OPEN,NULL,NULL,1
1557936817,1575996032124,1207,1,,0,0,26,9,OPEN,NULL,NULL,1
1557936817,1575996040073,1208,1,,0,0,26,9,OPEN,NULL,NULL,1
1557936817,1575996031064,1209,1,,0,0,26,9,OPEN,NULL,NULL,1
1557936817,1575996038688,1210,1,,0,0,26,9,OPEN,NULL,NULL,1
1557936817,1575996033346,1211,1,NET,0,0,26,9,OPEN,NULL,NULL,1
1557936817,1575996039036,1212,1,,0,0,26,9,OPEN,NULL,NULL,1
1557936817,1575996031859,1213,1,"America Airlines",1,1,17,13,PENDING,NULL,NULL,1
1557936817,1575996031749,1214,1,CLARO,1,1,26,9,PENDING,NULL,NULL,1
1557936817,1575996042455,1215,1,,0,0,26,9,OPEN,NULL,NULL,1
1557936817,1575996038920,1216,1,SKY,1,1,26,9,PENDING,NULL,NULL,1
1557936817,1575996038765,1217,1,,1,0,26,9,OPEN,NULL,NULL,1
1557936817,1575996020540,1218,1,,1,0,26,9,OPEN,NULL,NULL,1
1557936817,1575996031391,1219,1,,0,0,26,9,OPEN,NULL,NULL,1
1557936817,1575996038629,1220,1,,1,0,26,9,OPEN,NULL,NULL,1
1557936817,1575996036708,1221,1,,0,0,26,9,OPEN,NULL,NULL,1
1557936817,1575996040389,1222,1,,0,0,26,9,OPEN,NULL,NULL,1
1557936817,1575996040746,1223,1,,0,0,26,9,OPEN,NULL,NULL,1
1557936817,1575996035143,1224,1,,0,0,26,9,OPEN,NULL,NULL,1
1557936817,1575996037812,1225,1,,0,0,26,9,OPEN,NULL,NULL,1
1557936817,1575996039084,1226,1,,1,0,26,9,OPEN,NULL,NULL,1
1557936817,1575996035057,1227,1,,1,0,26,9,OPEN,NULL,NULL,1
1557936817,1575996040420,1228,1,NET,1,1,26,9,PENDING,NULL,NULL,1
1557936817,1575996038651,1229,1,,0,0,26,9,OPEN,NULL,NULL,1
1557936817,1575996031045,1230,1,NET,1,1,26,9,PENDING,NULL,NULL,1
1557936817,1575996036779,1231,1,SKY,1,0,26,9,OPEN,NULL,NULL,1
1557936817,1575996038901,1232,1,,0,0,26,9,OPEN,NULL,NULL,1
1557936817,1575996038602,1233,1,,1,0,26,9,OPEN,NULL,NULL,1
1557936817,1575996035237,1234,1,,0,0,26,9,OPEN,NULL,NULL,1
1557936817,1575996032679,1235,1,SKY,0,0,26,9,OPEN,NULL,NULL,1
1557936817,1575996039092,1236,1,,1,0,26,9,OPEN,NULL,NULL,1
1557936817,1575996038570,1237,1,,0,0,26,9,OPEN,NULL,NULL,1
1557936817,1575996032896,1238,1,,1,0,26,9,OPEN,NULL,NULL,1
1557936817,1575996030937,1239,1,,0,0,26,9,OPEN,NULL,NULL,1
1557936817,1575996045560,1240,1,,0,0,26,9,OPEN,NULL,NULL,1
1557936817,1575996044356,1241,1,,1,0,26,9,OPEN,NULL,NULL,1
1557936817,1575996040392,1242,1,NET,1,0,94,9,OPEN,NULL,NULL,1
1557936817,1575996039924,1243,1,NET,1,1,94,9,PENDING,NULL,NULL,1
1557936817,1575996035162,1244,1,NET,0,0,94,9,OPEN,NULL,NULL,1
1557936817,1575996037969,1245,1,,0,0,94,9,OPEN,NULL,NULL,1
1557936817,1575996038862,1246,1,,0,0,94,9,OPEN,NULL,NULL,1
1557936817,1575996033670,1247,1,,1,0,94,9,OPEN,NULL,NULL,1
1557936817,1575996036658,1248,1,NET,1,1,94,9,PENDING,NULL,NULL,1
1557936817,1575996035118,1249,1,,1,0,94,9,OPEN,NULL,NULL,1
1557936817,1575996042493,1250,1,NET,1,1,94,9,PENDING,NULL,NULL,1
1557936817,1575996042835,1251,1,,0,0,94,9,OPEN,NULL,NULL,1
1557936817,1575996040631,1252,1,,1,0,94,9,OPEN,NULL,NULL,1
1557936817,1575996035169,1253,1,SKY,1,0,94,9,OPEN,NULL,NULL,1
1557936817,1575996040742,1255,1,,1,0,94,9,OPEN,NULL,NULL,1
1557936817,1575996040715,1256,1,,1,0,94,9,OPEN,NULL,NULL,1
1557936817,1575996033531,1257,1,NET,0,0,94,9,OPEN,NULL,NULL,1
1557936817,1575996039317,1258,1,NET,1,1,94,9,PENDING,NULL,NULL,1
1557936817,1575996030883,1259,1,,0,0,94,9,OPEN,NULL,NULL,1
1557936817,1575996033804,1260,1,,0,0,94,9,OPEN,NULL,NULL,1
1557936817,1575996033575,1261,1,,0,0,94,9,OPEN,NULL,NULL,1
1557936817,1575996033585,1262,1,,0,0,94,9,OPEN,NULL,NULL,1
1557936817,1575996033128,1263,1,,0,0,94,9,OPEN,NULL,NULL,1
1557936817,1575996030790,1264,1,,0,0,94,9,OPEN,NULL,NULL,1
1557936817,1575996038591,1266,1,,0,0,94,9,OPEN,NULL,NULL,1
1557936817,1575996039338,1267,1,,0,0,94,9,OPEN,NULL,NULL,1
1557936817,1575996033587,1268,1,,0,0,94,9,OPEN,NULL,NULL,1
1557936817,1575996032655,1269,1,NET,1,1,94,9,PENDING,NULL,NULL,1
1557936817,1575996032234,1270,1,"Distrito Federal",1,1,94,10,PENDING,NULL,NULL,1
1557936817,1575996033307,1271,1,NET,1,1,17,9,PENDING,1562610759,NULL,1
1557936817,1575996040373,1272,1,,0,0,94,9,OPEN,NULL,NULL,1
1557936817,1575996033181,1273,1,SKY,1,1,94,9,PENDING,NULL,NULL,1
1557936817,1575996033548,1274,1,,1,0,94,9,OPEN,NULL,NULL,1
1557936817,1575996030800,1275,1,,0,0,94,9,OPEN,NULL,NULL,1
1557936817,1575996037706,1276,1,NET,1,1,18,9,DONE,NULL,NULL,1
1557936817,1575996040207,1277,1,,0,0,94,9,OPEN,NULL,NULL,1
1557936817,1575996020511,1278,1,,0,0,94,9,OPEN,NULL,NULL,1
1557936817,1575996040149,1279,1,NET,1,1,94,9,PENDING,NULL,NULL,1
1557936817,1575996036571,1280,1,,0,0,94,9,OPEN,NULL,NULL,1
1557936817,1575996028321,1281,1,NET,1,0,94,9,OPEN,NULL,NULL,1
1557936817,1575996019882,1282,1,,1,0,94,9,OPEN,NULL,NULL,1
1557936817,1575996019850,1283,1,Claro,1,0,94,9,OPEN,NULL,NULL,1
1557936817,1575996021082,1284,1,,0,0,94,9,OPEN,NULL,NULL,1
1557936817,1575996036542,1285,1,,0,0,94,9,OPEN,NULL,NULL,1
1557936817,1575996033310,1286,1,NET,1,1,94,9,PENDING,NULL,NULL,1
1557936817,1575996033083,1287,1,,1,0,94,9,OPEN,NULL,NULL,1
1557936817,1575996028178,1288,1,NET,1,0,94,9,OPEN,NULL,NULL,1
1557936817,1575996021183,1289,1,,1,0,94,9,OPEN,NULL,NULL,1
1557936817,1575996030693,1290,1,NET,1,0,94,9,OPEN,NULL,NULL,1
1557936817,1575996033192,1291,1,,0,0,94,9,OPEN,NULL,NULL,1
1557936817,1575996021210,1292,1,,1,0,94,9,OPEN,NULL,NULL,1
1557936817,1575996028144,1293,1,,0,0,94,9,OPEN,NULL,NULL,1
1557936817,1575996027372,1294,1,NET,1,1,94,9,PENDING,NULL,NULL,1
1557936817,1575996033081,1295,1,SKY,1,1,94,9,PENDING,NULL,NULL,1
1557936817,1575996033437,1296,1,,0,0,94,9,OPEN,NULL,NULL,1
1557936817,1575996033291,1297,1,SKY,1,1,94,9,PENDING,NULL,NULL,1
1557936817,1575996027787,1298,1,,1,0,94,9,OPEN,NULL,NULL,1
1557936817,1575996019639,1299,1,,0,0,17,9,OPEN,NULL,NULL,1
1557936817,1575996030910,1300,1,,0,0,17,9,OPEN,NULL,NULL,1
1557936817,1575996032652,1301,1,NET,1,1,17,9,PENDING,NULL,NULL,1
1557936817,1575996019902,1302,1,NET,0,0,17,9,OPEN,NULL,NULL,1
1557936817,1575996019950,1303,1,,1,0,17,9,OPEN,NULL,NULL,1
1557936817,1575996040669,1304,1,NET,1,0,17,9,OPEN,NULL,NULL,1
1557936817,1575996036525,1305,1,SKY,1,0,17,9,OPEN,NULL,NULL,1
1557936817,1575996028284,1306,1,,0,0,17,9,OPEN,NULL,NULL,1
1557936817,1575996028202,1307,1,,0,0,17,9,OPEN,NULL,NULL,1
1557936817,1575996033046,1308,1,,0,0,17,9,OPEN,NULL,NULL,1
1557936817,1575996019753,1309,1,,0,0,17,9,OPEN,NULL,NULL,1
1557936817,1575996030911,1310,1,,1,0,17,16,OPEN,NULL,NULL,1
1557936817,1575996033419,1311,1,,0,0,17,16,OPEN,NULL,NULL,1
1557936817,1575996021039,1312,1,,0,0,17,16,OPEN,NULL,NULL,1
1557936817,1575996021218,1313,1,,1,0,17,16,OPEN,NULL,NULL,1
1557936817,1575996033533,1314,1,,1,0,17,16,OPEN,NULL,NULL,1
1557936817,1575996030957,1315,1,,1,0,17,16,OPEN,NULL,NULL,1
1557936817,1575996027981,1316,1,,1,0,17,16,OPEN,NULL,NULL,1
1557936817,1575996027999,1317,1,,1,0,17,16,OPEN,NULL,NULL,1
1557936817,1575996028077,1318,1,,0,0,17,16,OPEN,NULL,NULL,1
1557936817,1575996020996,1319,1,,1,0,17,16,OPEN,NULL,NULL,1
1557936817,1575996030829,1320,1,,0,0,17,16,OPEN,NULL,NULL,1
1557936817,1575996030731,1321,1,,0,0,17,16,OPEN,NULL,NULL,1
1557936817,1575996019617,1322,1,,0,0,17,16,OPEN,NULL,NULL,1
1557936817,1575996019931,1323,1,,1,0,17,16,OPEN,NULL,NULL,1
1557936817,1575996033604,1324,1,,0,0,17,16,OPEN,NULL,NULL,1
1557936817,1575996030792,1325,1,,0,0,17,16,OPEN,NULL,NULL,1
1557936817,1575996032776,1326,1,,0,0,17,16,OPEN,NULL,NULL,1
1557936817,1575996019397,1327,1,NET,1,1,17,9,PENDING,NULL,NULL,1
1557936817,1575996019792,1328,1,,0,0,17,9,OPEN,NULL,NULL,1
1557936817,1575996019769,1329,1,,0,0,17,9,OPEN,NULL,NULL,1
1557936817,1575996038166,1330,1,,0,0,17,9,OPEN,NULL,NULL,1
1557936817,1575996019497,1331,1,,0,0,17,9,OPEN,NULL,NULL,1
1557936817,1575996020040,1332,1,VIVO,1,1,17,9,PENDING,NULL,NULL,1
1557936817,1575996021036,1333,1,NET,1,0,17,9,OPEN,NULL,NULL,1
1557936817,1575996021015,1334,1,,1,0,17,9,OPEN,NULL,NULL,1
1557936817,1575996032445,1335,1,,1,0,17,9,OPEN,NULL,NULL,1
1557936817,1575996028245,1336,1,,0,0,17,9,OPEN,NULL,NULL,1
1557936817,1575996028048,1337,1,NET,0,0,17,9,OPEN,NULL,NULL,1
1557936817,1575996019831,1338,1,,0,0,17,9,OPEN,NULL,NULL,1
1557936817,1575996019598,1339,1,,0,0,17,9,OPEN,NULL,NULL,1
1557936817,1575996020659,1340,1,,0,0,17,9,OPEN,NULL,NULL,1
1557936817,1575996032221,1341,1,,0,0,17,9,OPEN,NULL,NULL,1
1557936817,1575996020680,1342,1,,0,0,17,9,OPEN,NULL,NULL,1
1557936817,1575996020959,1343,1,,0,0,17,9,OPEN,NULL,NULL,1
1557936817,1575996020930,1344,1,,0,0,17,9,OPEN,NULL,NULL,1
1557936817,1575996019518,1345,1,,1,0,17,9,OPEN,NULL,NULL,1
1557936817,1575996037004,1346,1,,1,0,17,9,OPEN,NULL,NULL,1
1557936817,1575996020683,1347,1,,1,0,17,9,OPEN,NULL,NULL,1
1557936817,1575996020988,1348,1,NET,1,1,17,9,PENDING,NULL,NULL,1
1557936817,1575996019686,1349,1,,0,0,17,9,OPEN,NULL,NULL,1
1557936817,1575996019712,1350,1,NET,0,0,17,9,OPEN,NULL,NULL,1
1557936817,1575996033137,1351,1,,1,0,17,9,OPEN,NULL,NULL,1
1557936817,1575996021017,1352,1,,0,0,17,9,OPEN,NULL,NULL,1
1557936817,1575996020183,1353,1,,0,0,17,9,OPEN,NULL,NULL,1
1557936817,1575996019460,1354,1,,0,0,17,9,OPEN,NULL,NULL,1
1557936817,1575996020862,1355,1,,1,0,17,9,OPEN,NULL,NULL,1
1557936817,1575996033250,1356,1,,0,0,17,9,OPEN,NULL,NULL,1
1557936817,1575996019733,1357,1,NET,0,0,17,9,OPEN,NULL,NULL,1
1557936817,1575996019655,1358,1,,0,0,17,9,OPEN,NULL,NULL,1
1557936817,1575996020736,1359,1,,1,0,17,9,OPEN,NULL,NULL,1
1557936817,1575996019549,1360,1,,1,0,17,9,OPEN,NULL,NULL,1
1557936817,1575996032602,1361,1,,1,0,17,9,OPEN,NULL,NULL,1
1557936817,1575996020880,1362,1,,0,0,17,9,OPEN,NULL,NULL,1
1557936817,1575996020775,1363,1,,0,0,17,9,OPEN,NULL,NULL,1
1557936817,1575996020720,1364,1,,0,0,17,9,OPEN,NULL,NULL,1
1557936817,1575996020851,1365,1,,1,0,17,9,OPEN,NULL,NULL,1
1557936817,1575996032231,1366,1,,0,0,17,9,OPEN,NULL,NULL,1
1557936817,1575996020853,1367,1,,0,0,17,9,OPEN,NULL,NULL,1
1557936817,1575996020793,1368,1,SKY,1,1,17,9,PENDING,NULL,NULL,1
1557936817,1575996028228,1369,1,,0,0,17,9,OPEN,NULL,NULL,1
1557936817,1575996032187,1370,1,NET,1,1,17,9,PENDING,NULL,NULL,1
1557936817,1575996020783,1371,1,,0,0,17,9,OPEN,NULL,NULL,1
1557936817,1575996020833,1372,1,,0,0,17,9,OPEN,NULL,NULL,1
1557936817,1575996020831,1373,1,,0,0,17,9,OPEN,NULL,NULL,1
1557936817,1575996020738,1374,1,,0,0,17,9,OPEN,NULL,NULL,1
1557936817,1575996031788,1375,1,,0,0,17,9,OPEN,NULL,NULL,1
1557936817,1575996020708,1376,1,,1,0,17,9,OPEN,NULL,NULL,1
1557936817,1575996020656,1377,1,,1,0,17,9,OPEN,NULL,NULL,1
1557936817,1575996020572,1378,1,,0,0,17,9,OPEN,NULL,NULL,1
1557936817,1575996034217,1379,1,,0,0,17,9,OPEN,NULL,NULL,1
1557936817,1575996032719,1380,1,,0,0,17,9,OPEN,NULL,NULL,1
1557936817,1575996020339,1381,1,,1,0,17,9,OPEN,NULL,NULL,1
1557936817,1575996043928,1382,1,,0,0,17,9,OPEN,NULL,NULL,1
1557936817,1575996045283,1383,1,,1,0,17,9,OPEN,NULL,NULL,1
1557936817,1575996032796,1384,1,,1,0,17,9,OPEN,NULL,NULL,1
1557936817,1575996020270,1385,1,,1,0,17,9,OPEN,NULL,NULL,1
1557936817,1575996034161,1386,1,,1,0,17,9,OPEN,NULL,NULL,1
1557936817,1575996034330,1387,1,,0,0,17,9,OPEN,NULL,NULL,1
1557936817,1575996020443,1388,1,NET,1,1,17,9,DONE,NULL,NULL,1
1557936817,1575996032836,1389,1,,1,0,17,9,OPEN,NULL,NULL,1
1557936817,1575996020484,1390,1,NET,0,0,17,9,OPEN,NULL,NULL,1
1557936817,1575996020398,1391,1,,0,0,17,9,OPEN,NULL,NULL,1
1557936817,1575996034017,1392,1,SKY,0,0,17,9,OPEN,NULL,NULL,1
1557936817,1575996045237,1393,1,,0,0,17,9,OPEN,NULL,NULL,1
1557936817,1575996032634,1394,1,,0,0,17,9,OPEN,NULL,NULL,1
1557936817,1575996020418,1395,1,,0,0,17,9,OPEN,NULL,NULL,1
1557936817,1575996035612,1396,1,NET,1,0,17,9,OPEN,NULL,NULL,1
1557936817,1575996045429,1397,1,,1,0,17,9,OPEN,NULL,NULL,1
1557936817,1575996020351,1398,1,,1,0,17,9,OPEN,NULL,NULL,1
1557936817,1575996031953,1399,1,NET,0,0,17,9,OPEN,NULL,NULL,1
1557936817,1575996033991,1400,1,,0,0,17,9,OPEN,NULL,NULL,1
1557936817,1575996044973,1401,1,,0,0,17,9,OPEN,NULL,NULL,1
1557936817,1575996045451,1402,1,,1,0,17,9,OPEN,NULL,NULL,1
1557936817,1575996044731,1405,1,NET,0,0,17,9,OPEN,NULL,NULL,1
1557936817,1575996038717,1406,1,,0,0,17,9,OPEN,NULL,NULL,1
1557936817,1575996045293,1407,1,NET,1,0,17,9,OPEN,NULL,NULL,1
1557936817,1575996034542,1408,1,NET,1,0,17,9,OPEN,NULL,NULL,1
1557936817,1575996044124,1409,1,,0,0,17,9,OPEN,NULL,NULL,1
1557936817,1575996044517,1410,1,NET,1,1,17,9,PENDING,NULL,NULL,1
1557936817,1575996039278,1411,1,,1,0,17,9,OPEN,NULL,NULL,1
1557936817,1575996033707,1412,1,NET,0,0,17,9,OPEN,NULL,NULL,1
1557936817,1575996045342,1413,1,,1,0,17,9,OPEN,NULL,NULL,1
1557936817,1575996020607,1414,1,,0,0,17,9,OPEN,NULL,NULL,1
1557936817,1575996020401,1415,1,,0,0,17,9,OPEN,NULL,NULL,1
1557936817,1575996039295,1416,1,,0,0,17,9,OPEN,NULL,NULL,1
1557936817,1575996040732,1417,1,CLARO,0,0,17,9,OPEN,NULL,NULL,1
1557936817,1575996020590,1418,1,,1,0,17,9,OPEN,NULL,NULL,1
1557936817,1575996020609,1419,1,,1,0,17,9,OPEN,NULL,NULL,1
1557936817,1575996040687,1420,1,,1,0,17,9,OPEN,NULL,NULL,1
1557936817,1575996038245,1421,1,SKY,1,1,17,9,PENDING,NULL,NULL,1
1557936817,1575996020359,1422,1,,0,0,17,9,OPEN,NULL,NULL,1
1557936817,1575996044633,1423,1,,0,0,17,9,OPEN,NULL,NULL,1
1557936817,1575996044056,1424,1,,0,0,17,9,OPEN,NULL,NULL,1
1557936817,1575996044172,1425,1,,0,0,17,9,OPEN,NULL,NULL,1
1557936817,1575996033911,1426,1,,0,0,17,9,OPEN,NULL,NULL,1
1557936817,1575996044660,1427,1,,0,0,17,9,OPEN,NULL,NULL,1
1557936817,1575996040640,1428,1,,0,0,17,9,OPEN,NULL,NULL,1
1557936817,1575996020004,1429,1,,1,0,17,9,OPEN,NULL,NULL,1
1557936817,1575996044211,1430,1,,0,0,17,9,OPEN,NULL,NULL,1
1557936817,1575996033969,1431,1,SKY,1,0,17,9,OPEN,NULL,NULL,1
1557936817,1575996038419,1432,1,NET,1,1,17,9,PENDING,NULL,NULL,1
1557936817,1575996038069,1433,1,,1,0,17,9,OPEN,NULL,NULL,1
1557936817,1575996044595,1434,1,,0,0,94,9,OPEN,NULL,NULL,1
1557936817,1575996044240,1435,1,,1,0,94,9,OPEN,NULL,NULL,1
1557936817,1575996037893,1436,1,,1,0,94,9,OPEN,NULL,NULL,1
1557936817,1575996040679,1437,1,,0,0,94,9,OPEN,NULL,NULL,1
1557936817,1575996044270,1438,1,VIVO,0,0,94,9,OPEN,NULL,NULL,1
1557936817,1575996044885,1439,1,,0,0,94,9,OPEN,NULL,NULL,1
1557936817,1575996036544,1440,1,,0,0,94,9,OPEN,NULL,NULL,1
1557936817,1575996043480,1441,1,,1,0,94,9,OPEN,NULL,NULL,1
1557936817,1575996038343,1442,1,,0,0,94,9,OPEN,NULL,NULL,1
1557936817,1575996040658,1443,1,NET,1,1,17,9,PENDING,NULL,NULL,1
1557936817,1575996034982,1444,1,,0,0,94,9,OPEN,NULL,NULL,1
1557936817,1575996036060,1445,1,,0,0,94,9,OPEN,NULL,NULL,1
1557936817,1575996038205,1446,1,,1,0,94,9,OPEN,NULL,NULL,1
1557936817,1575996044621,1447,1,,0,0,94,9,OPEN,NULL,NULL,1
1557936817,1575996033607,1448,1,,0,0,17,9,OPEN,NULL,NULL,1
1557936817,1575996043840,1449,1,,0,0,17,9,OPEN,NULL,NULL,1
1557936817,1575996037626,1450,1,NET,1,1,17,9,PENDING,NULL,NULL,1
1557936817,1575996044592,1451,1,,0,0,17,9,OPEN,NULL,NULL,1
1557936817,1575996043666,1452,1,NET,0,1,17,9,LOST,1568042596,NULL,1
1557936817,1575996044940,1453,1,,0,0,17,9,OPEN,NULL,NULL,1
1557936817,1575996036297,1454,1,,0,0,17,9,OPEN,NULL,NULL,1
1557936817,1575996036168,1455,1,,0,0,17,9,OPEN,NULL,NULL,1
1557936817,1575996044547,1456,1,,0,0,17,9,OPEN,NULL,NULL,1
1557936817,1575996034877,1457,1,,1,0,17,9,OPEN,NULL,NULL,1
1557936817,1575996044345,1458,1,,1,0,17,9,OPEN,NULL,NULL,1
1557936817,1575996044054,1459,1,,0,0,17,9,OPEN,NULL,NULL,1
1557936817,1575996036090,1460,1,,1,0,17,9,OPEN,NULL,NULL,1
1557936817,1575996044487,1461,1,,0,0,17,9,OPEN,NULL,NULL,1
1557936817,1575996043619,1462,1,Delta,1,1,1469,3,DONE,NULL,NULL,1
1557936817,1575996043394,1463,1,,0,0,17,9,OPEN,NULL,NULL,1
1557936817,1575996035533,1464,1,,0,0,17,9,OPEN,NULL,NULL,1
1557936817,1575996036031,1465,1,,0,0,17,9,OPEN,NULL,NULL,1
1557936817,1575996033768,1466,1,,0,0,17,9,OPEN,NULL,NULL,1
1557936817,1575996043544,1467,1,,0,0,17,9,OPEN,NULL,NULL,1
1557936817,1575996036218,1468,1,,0,0,17,9,OPEN,NULL,NULL,1
1557936817,1575996035714,1469,1,,0,0,17,9,OPEN,NULL,NULL,1
1557936817,1575996043590,1470,1,,0,0,17,9,OPEN,NULL,NULL,1
1557936817,1575996033901,1471,1,,1,0,17,9,OPEN,NULL,NULL,1
1557936817,1575996043452,1472,1,,0,0,17,9,OPEN,NULL,NULL,1
1557936817,1575996044709,1473,1,NET,0,0,17,9,OPEN,NULL,NULL,1
1557936817,1575996043456,1474,1,,1,0,17,9,OPEN,NULL,NULL,1
1557936817,1575996044317,1475,1,,0,0,17,9,OPEN,NULL,NULL,1
1557936817,1575996033504,1476,1,,1,0,17,9,OPEN,NULL,NULL,1
1557936817,1575996044231,1477,1,,1,0,17,9,OPEN,NULL,NULL,1
1557936817,1575996019914,1478,1,,0,0,17,9,OPEN,NULL,NULL,1
1557936817,1575996044376,1479,1,,0,0,17,9,OPEN,NULL,NULL,1
1557936817,1575996043637,1480,1,,0,0,17,9,OPEN,NULL,NULL,1
1557936817,1575996033453,1481,1,,0,0,17,10,OPEN,NULL,NULL,1
1557936817,1575996038323,1482,1,,0,0,17,9,OPEN,NULL,NULL,1
1557936817,1575996040534,1483,1,,1,0,17,9,OPEN,NULL,NULL,1
1557936817,1575996044114,1484,1,,0,0,17,9,OPEN,NULL,NULL,1
1557936817,1575996043609,1485,1,,0,0,19,9,OPEN,NULL,NULL,1
1557936817,1575996038247,1486,1,,0,0,19,9,OPEN,NULL,NULL,1
1557936817,1575996025897,1487,1,,1,0,19,9,OPEN,NULL,NULL,1
1557936817,1575996038463,1488,1,,0,0,19,9,OPEN,NULL,NULL,1
1557936817,1575996044999,1489,1,,0,0,19,9,OPEN,NULL,NULL,1
1557936817,1575996044152,1490,1,,0,0,19,9,OPEN,NULL,NULL,1
1557936817,1575996033766,1491,1,,1,0,19,9,OPEN,NULL,NULL,1
1557936817,1575996034303,1492,1,NET,0,0,19,9,OPEN,NULL,NULL,1
1557936817,1575996045197,1493,1,,0,0,19,9,OPEN,NULL,NULL,1
1557936817,1575996040031,1494,1,,0,0,19,9,OPEN,NULL,NULL,1
1557936817,1575996044767,1495,1,SKY,0,0,19,9,OPEN,NULL,NULL,1
1557936817,1575996044470,1496,1,VIVO,0,0,19,9,OPEN,NULL,NULL,1
1557936817,1575996040483,1497,1,,0,0,19,9,OPEN,NULL,NULL,1
1557936817,1575996040210,1498,1,,1,0,19,9,OPEN,NULL,NULL,1
1557936817,1575996040070,1499,1,,0,0,19,9,OPEN,NULL,NULL,1
1557936817,1575996037726,1500,1,,0,0,19,9,OPEN,NULL,NULL,1
1557936817,1575996044320,1501,1,,0,0,19,9,OPEN,NULL,NULL,1
1557936817,1575996038333,1502,1,NET,1,1,19,9,PENDING,NULL,NULL,1
1557936817,1575996038380,1503,1,NET,1,1,19,9,DONE,NULL,NULL,1
1557936817,1575996039660,1504,1,NET,1,1,17,9,PENDING,1568041375,NULL,1
1557936817,1575996034579,1505,1,SKY,1,1,19,9,PENDING,NULL,NULL,1
1557936817,1575996043517,1506,1,SKY,1,1,19,9,PENDING,NULL,NULL,1
1557936817,1575996034732,1507,1,,0,0,19,9,OPEN,NULL,NULL,1
1557936817,1575996038088,1508,1,,0,0,19,9,OPEN,NULL,NULL,1
1557936817,1575996033727,1509,1,,0,0,19,9,OPEN,NULL,NULL,1
1557936817,1575996036507,1510,1,,0,0,19,9,OPEN,NULL,NULL,1
1557936817,1575996038188,1511,1,,0,0,19,9,OPEN,NULL,NULL,1
1557936817,1575996044213,1512,1,,0,0,19,9,OPEN,NULL,NULL,1
1557936817,1575996040014,1513,1,,0,0,19,9,OPEN,NULL,NULL,1
1557936817,1575996038027,1514,1,,0,0,19,9,OPEN,NULL,NULL,1
1557936817,1575996038170,1515,1,VIVO,0,0,19,9,OPEN,NULL,NULL,1
1557936817,1575996044962,1516,1,NET,1,1,19,9,WON,NULL,NULL,1
1557936817,1575996044242,1517,1,,0,0,94,9,OPEN,NULL,NULL,1
1557936817,1575996038185,1518,1,,0,0,19,9,OPEN,NULL,NULL,1
1557936817,1575996037047,1519,1,NET,0,0,19,9,OPEN,NULL,NULL,1
1557936817,1575996043425,1520,1,,0,0,19,9,OPEN,NULL,NULL,1
1557936817,1575996040513,1521,1,,0,0,19,9,OPEN,NULL,NULL,1
1557936817,1575996043136,1522,1,,0,0,19,9,OPEN,NULL,NULL,1
1557936817,1575996043688,1523,1,,1,0,19,9,OPEN,NULL,NULL,1
1557936817,1575996040391,1524,1,,1,0,19,9,OPEN,NULL,NULL,1
1557936817,1575996044392,1525,1,,0,0,19,9,OPEN,NULL,NULL,1
1557936817,1575996044894,1526,1,,1,0,19,9,OPEN,NULL,NULL,1
1557936817,1575996043572,1527,1,,0,0,19,9,OPEN,NULL,NULL,1
1557936817,1575996040350,1528,1,,0,0,19,9,OPEN,NULL,NULL,1
1557936817,1575996037253,1529,1,,0,0,19,9,OPEN,NULL,NULL,1
1557936817,1575996033688,1530,1,,0,0,19,9,OPEN,NULL,NULL,1
1557936817,1575996045469,1531,1,,0,0,19,9,OPEN,NULL,NULL,1
1557936817,1575996036263,1532,1,CLARO,1,1,19,9,PENDING,1562767476,NULL,1
1557936817,1575996035734,1533,1,,0,0,19,9,OPEN,NULL,NULL,1
1557936817,1575996045092,1534,1,,0,0,19,9,OPEN,NULL,NULL,1
1557936817,1575996033653,1535,1,,0,0,19,9,OPEN,NULL,NULL,1
1557936817,1575996039876,1536,1,,0,0,19,9,OPEN,NULL,NULL,1
1557936817,1575996039830,1537,1,,0,0,19,9,OPEN,NULL,NULL,1
1557936817,1575996035591,1538,1,,0,0,19,9,OPEN,NULL,NULL,1
1557936817,1575996037381,1539,1,,0,0,19,9,OPEN,NULL,NULL,1
1557936817,1575996036686,1540,1,,0,0,19,9,OPEN,NULL,NULL,1
1557936817,1575996039798,1541,1,NET,0,0,19,9,OPEN,NULL,NULL,1
1557936817,1575996036440,1542,1,,0,0,19,9,OPEN,NULL,NULL,1
1557936817,1575996036343,1543,1,,0,0,19,9,OPEN,NULL,NULL,1
1557936817,1575996039756,1544,1,,0,0,19,9,OPEN,NULL,NULL,1
1557936817,1575996038011,1545,1,,0,0,19,9,OPEN,NULL,NULL,1
1557936817,1575996034539,1546,1,,0,0,19,9,OPEN,NULL,NULL,1
1557936817,1575996035668,1547,1,,0,0,19,9,OPEN,NULL,NULL,1
1557936817,1575996040033,1548,1,,1,0,19,9,OPEN,NULL,NULL,1
1557936817,1575996035361,1549,1,CLARO,0,0,19,9,OPEN,NULL,NULL,1
1557936817,1575996044348,1550,1,,1,0,19,9,OPEN,NULL,NULL,1
1557936817,1575996036003,1551,1,,0,0,19,9,OPEN,NULL,NULL,1
1557936817,1575996045121,1552,1,,0,0,19,9,OPEN,NULL,NULL,1
1557936817,1575996034712,1553,1,,0,0,19,9,OPEN,NULL,NULL,1
1557936817,1575996044664,1554,1,,0,0,19,9,OPEN,NULL,NULL,1
1557936817,1575996036956,1555,1,,1,0,19,9,OPEN,NULL,NULL,1
1557936817,1575996034122,1556,1,,0,0,19,9,OPEN,NULL,NULL,1
1557936817,1575996038399,1557,1,NET,1,1,19,9,PENDING,NULL,NULL,1
1557936817,1575996040113,1558,1,,0,0,19,9,OPEN,NULL,NULL,1
1557936817,1575996040181,1559,1,,0,0,19,9,OPEN,NULL,NULL,1
1557936817,1575996044505,1560,1,,0,0,19,9,OPEN,NULL,NULL,1
1557936817,1575996039895,1561,1,NET,0,0,19,9,OPEN,NULL,NULL,1
1557936817,1575996034978,1562,1,NET,1,0,19,9,OPEN,NULL,NULL,1
1557936817,1575996037982,1563,1,,0,0,19,9,OPEN,NULL,NULL,1
1557936817,1575996040341,1564,1,,0,0,19,9,OPEN,NULL,NULL,1
1557936817,1575996037930,1565,1,,0,0,19,9,OPEN,NULL,NULL,1
1557936817,1575996034092,1566,1,NET,0,0,19,9,OPEN,NULL,NULL,1
1557936817,1575996029191,1567,1,,0,0,26,9,OPEN,NULL,NULL,1
1557936817,1575996043699,1568,1,,0,0,26,9,OPEN,NULL,NULL,1
1557936817,1575996035300,1569,1,,0,0,26,9,OPEN,NULL,NULL,1
1557936817,1575996037687,1570,1,,0,0,26,9,OPEN,NULL,NULL,1
1557936817,1575996039609,1571,1,,0,0,26,9,OPEN,NULL,NULL,1
1557936817,1575996043746,1572,1,,0,0,26,9,OPEN,NULL,NULL,1
1557936817,1575996044081,1573,1,,0,0,26,9,OPEN,NULL,NULL,1
1557936817,1575996040304,1574,1,NET,1,1,26,9,PENDING,NULL,NULL,1
1557936817,1575996044729,1575,1,,0,0,26,9,OPEN,NULL,NULL,1
1557936817,1575996035087,1576,1,,0,0,26,9,OPEN,NULL,NULL,1
1557936817,1575996035736,1577,1,,0,0,26,9,OPEN,NULL,NULL,1
1557936817,1575996042320,1578,1,,0,0,26,9,OPEN,NULL,NULL,1
1557936817,1575996035341,1579,1,,1,0,26,9,OPEN,NULL,NULL,1
1557936817,1575996037913,1580,1,,0,0,26,9,OPEN,NULL,NULL,1
1557936817,1575996035314,1581,1,,1,0,26,9,OPEN,NULL,NULL,1
1557936817,1575996035800,1582,1,,0,0,26,9,OPEN,NULL,NULL,1
1557936817,1575996034524,1583,1,,0,0,26,9,OPEN,NULL,NULL,1
1557936817,1575996038050,1584,1,,0,0,26,9,OPEN,NULL,NULL,1
1557936817,1575996043724,1585,1,,0,0,26,9,OPEN,NULL,NULL,1
1557936817,1575996034951,1586,1,VIVO,1,1,18,13,PENDING,NULL,NULL,1
1557936817,1575996035640,1587,1,,0,0,1468,9,OPEN,NULL,NULL,1
1557936817,1575996038505,1588,1,,1,0,1468,9,OPEN,NULL,NULL,1
1557936817,1575996040178,1589,1,,0,0,1468,9,OPEN,NULL,NULL,1
1557936817,1575996042648,1590,1,,1,0,1468,9,OPEN,NULL,NULL,1
1557936817,1575996035419,1591,1,,0,0,1468,9,OPEN,NULL,NULL,1
1557936817,1575996034959,1592,1,,1,0,1468,9,OPEN,NULL,NULL,1
1557936817,1575996038408,1593,1,,0,0,1468,9,OPEN,NULL,NULL,1
1557936817,1575996036012,1594,1,NET,1,0,1468,9,OPEN,NULL,NULL,1
1557936817,1575996042845,1595,1,,1,0,1468,9,OPEN,NULL,NULL,1
1557936817,1575996029070,1596,1,,1,0,1468,9,OPEN,NULL,NULL,1
1557936817,1575996036241,1597,1,,1,0,1468,9,OPEN,NULL,NULL,1
1557936817,1575996035436,1598,1,,0,0,1468,9,OPEN,NULL,NULL,1
1557936817,1575996028813,1599,1,,1,0,1468,9,OPEN,NULL,NULL,1
1557936817,1575996042833,1600,1,,0,0,1468,9,OPEN,NULL,NULL,1
1557936817,1575996034285,1601,1,,1,0,1468,9,OPEN,NULL,NULL,1
1557936817,1575996035324,1602,1,NET,0,0,1468,9,OPEN,NULL,NULL,1
1557936817,1575996034504,1603,1,,1,0,1468,9,OPEN,NULL,NULL,1
1557936817,1575996039354,1604,1,,0,0,1468,9,OPEN,NULL,NULL,1
1557936817,1575996042786,1605,1,,1,0,1468,9,OPEN,NULL,NULL,1
1557936817,1575996035455,1606,1,,1,0,1468,9,OPEN,NULL,NULL,1
1557936817,1575996034894,1607,1,,0,0,1468,9,OPEN,NULL,NULL,1
1557936817,1575996034837,1608,1,,1,0,1468,9,OPEN,NULL,NULL,1
1557936817,1575996037274,1609,1,,0,0,1468,9,OPEN,NULL,NULL,1
1557936817,1575996043801,1610,1,NET,0,0,1468,9,OPEN,NULL,NULL,1
1557936817,1575996035496,1611,1,,1,0,1468,9,OPEN,NULL,NULL,1
1557936817,1575996028637,1612,1,,0,0,1468,9,OPEN,NULL,NULL,1
1557936817,1575996028646,1613,1,,1,0,1468,9,OPEN,NULL,NULL,1
1557936817,1575996035374,1614,1,,0,0,1468,9,OPEN,NULL,NULL,1
1557936817,1575996044094,1615,1,,1,0,1468,9,OPEN,NULL,NULL,1
1557936817,1575996034905,1616,1,,0,0,1468,9,OPEN,NULL,NULL,1
1557936817,1575996035574,1617,1,,0,0,1468,9,OPEN,NULL,NULL,1
1557936817,1575996028704,1618,1,,0,0,1468,9,OPEN,NULL,NULL,1
1557936817,1575996039334,1619,1,,0,0,1468,9,OPEN,NULL,NULL,1
1557936817,1575996043068,1620,1,,0,0,1468,9,OPEN,NULL,NULL,1
1557936817,1575996035493,1621,1,,0,0,1468,9,OPEN,NULL,NULL,1
1557936817,1575996028728,1622,1,,1,0,1468,9,OPEN,NULL,NULL,1
1557936817,1575996034794,1623,1,,0,0,1468,9,OPEN,NULL,NULL,1
1557936817,1575996035296,1624,1,NET,1,0,1468,9,OPEN,NULL,NULL,1
1557936817,1575996043958,1625,1,NET,0,0,1468,9,OPEN,NULL,NULL,1
1557936817,1575996040515,1626,1,,0,0,1468,9,OPEN,NULL,NULL,1
1557936817,1575996034265,1627,1,,0,0,1468,9,OPEN,NULL,NULL,1
1557936817,1575996034120,1628,1,,1,0,1468,9,OPEN,NULL,NULL,1
1557936817,1575996035235,1629,1,,0,0,1468,9,OPEN,NULL,NULL,1
1557936817,1575996043373,1630,1,,0,0,1468,9,OPEN,NULL,NULL,1
1557936817,1575996034855,1631,1,,0,0,1468,9,OPEN,NULL,NULL,1
1557936817,1575996037696,1632,1,,0,0,1468,9,OPEN,NULL,NULL,1
1557936817,1575996034638,1633,1,,0,0,1468,9,OPEN,NULL,NULL,1
1557936817,1575996034386,1634,1,,0,0,1468,9,OPEN,NULL,NULL,1
1557936817,1575996043261,1636,1,,1,0,1468,9,OPEN,NULL,NULL,1
1557936817,1575996039441,1637,1,,1,0,1468,9,OPEN,NULL,NULL,1
1557936817,1575996035978,1638,1,,0,0,1468,9,OPEN,NULL,NULL,1
1557936817,1575996034366,1639,1,CEB,1,0,17,10,OPEN,NULL,NULL,1
1558028811177,1575996045089,1640,0,NET,0,0,NULL,1,OPEN,NULL,NULL,1
1558029695738,1575996037557,1641,1,,0,0,17,5,OPEN,NULL,NULL,1
1558095415971,1575996039849,1642,1,,1,0,NULL,9,OPEN,NULL,NULL,1
1558095791904,1575996034169,1644,1,,0,0,NULL,9,OPEN,NULL,NULL,1
1558095925710,1575996033930,1645,1,SKY,0,0,94,9,OPEN,NULL,NULL,1
1558120913153,1575996044872,1647,1,SKY,1,1,1469,9,PENDING,1568952262,NULL,1
1558468516287,1575996035897,1648,1,SKY,1,0,18,9,OPEN,NULL,NULL,1
1558483459555,1575996035390,1649,1,SKY,1,0,18,9,OPEN,NULL,NULL,1
1558485602771,1575996039847,1650,1,VIVO,1,1,1469,9,PENDING,NULL,NULL,1
1558548457638,1575996034819,1651,1,SKY,1,1,94,9,PENDING,NULL,NULL,1
1558557446789,1575996028359,1652,1,SKY,1,0,94,9,OPEN,NULL,NULL,1
1558722882383,1575996035772,1653,1,"Distrito Federal ",1,0,18,10,OPEN,NULL,NULL,1
1559153850003,1575996039779,1654,1,VIVO,1,0,1468,9,OPEN,NULL,NULL,1
1559237094347,1575996028531,1655,1,,1,0,NULL,3,OPEN,NULL,NULL,1
1559240940811,1575996028513,1656,1,NET,1,0,1468,9,OPEN,NULL,NULL,1
1559572578842,1575996022448,1657,1,SKY,1,0,1468,9,OPEN,NULL,NULL,1
1559596138597,1575996038544,1658,1,GOL,0,0,94,3,OPEN,NULL,NULL,1
1559703698906,1575996028473,1659,1,,0,0,NULL,5,OPEN,NULL,NULL,1
1559703944488,1575996034130,1660,1,,0,0,NULL,9,OPEN,NULL,NULL,1
1559828952056,1575996038521,1667,1,GOL,1,0,18,3,OPEN,NULL,NULL,1
1559831069253,1575996023310,1671,1,GOL,1,0,18,3,OPEN,NULL,NULL,1
1559832509310,1575996034159,1672,1,GOL,1,1,1469,3,PENDING,1567463067,NULL,1
1559833886253,1575996045023,1673,1,GOL,1,1,1469,3,PENDING,1570467629,0,1
1559942049844,1575996039662,1675,1,,1,0,NULL,9,OPEN,NULL,NULL,1
1559942248345,1575996039828,1676,1,,1,0,NULL,9,OPEN,NULL,NULL,1
1559942361206,1575996022789,1677,1,,1,0,NULL,9,OPEN,NULL,NULL,1
1559942476397,1575996037513,1678,1,,1,0,NULL,9,OPEN,NULL,NULL,1
1559942728642,1575996034287,1679,1,,1,0,NULL,9,OPEN,NULL,NULL,1
1560168416200,1575996028533,1680,1,,1,0,NULL,9,OPEN,NULL,NULL,1
1560168600086,1575996039621,1681,1,,1,0,NULL,9,OPEN,NULL,NULL,1
1560168910835,1575996044623,1682,1,,1,0,NULL,9,OPEN,NULL,NULL,1
1560169029029,1575996040331,1683,1,,1,0,NULL,9,OPEN,NULL,NULL,1
1560169159659,1575996035205,1684,1,,1,0,NULL,9,OPEN,NULL,NULL,1
1560171213101,1575996036063,1685,1,,1,0,NULL,9,OPEN,NULL,NULL,1
1560171472238,1575996036420,1686,1,,0,0,NULL,9,OPEN,NULL,NULL,1
1560171600128,1575996044990,1687,1,,1,0,NULL,9,OPEN,NULL,NULL,1
1560171713307,1575996039878,1688,1,,1,0,NULL,9,OPEN,NULL,NULL,1
1560171944640,1575996035879,1689,1,,1,0,NULL,9,OPEN,NULL,NULL,1
1560172052701,1575996036178,1690,1,,0,0,NULL,9,OPEN,NULL,NULL,1
1560172142789,1575996035007,1691,1,NET,1,0,1468,9,OPEN,NULL,NULL,1
1560172273350,1575996044631,1692,1,"CLARO ",1,0,NULL,9,OPEN,NULL,NULL,1
1560178669879,1575996036194,1694,1,GOL,1,1,1469,3,PENDING,1568037178,NULL,1
0,1575996029084,1695,1,GOL,1,1,1469,3,PENDING,1567449340,NULL,1
1560198166310,1575996036204,1696,1,,1,0,NULL,3,OPEN,NULL,NULL,1
1560198279182,1575996035926,1697,1,,1,0,17,3,OPEN,NULL,NULL,1
1560200569116,1575996037684,1698,1,,0,0,NULL,9,OPEN,NULL,NULL,1
1560271819815,1575996039811,1699,1,AVIANCA,1,0,94,3,OPEN,NULL,NULL,1
1560286073216,1575996039953,1700,1,CEB,1,1,18,10,OPEN,NULL,NULL,1
1560287011008,1575996028784,1701,1,,0,0,NULL,9,OPEN,NULL,NULL,1
1560288132263,1575996038294,1702,1,NET,1,1,18,9,PENDING,1568035500,NULL,1
1560289565106,1575996038000,1703,1,NET,1,0,1468,9,OPEN,NULL,NULL,1
1560289638708,1575996025712,1704,1,SKY,1,1,17,9,PENDING,NULL,NULL,1
1560346919829,1575996039753,1705,1,Decolar,1,0,NULL,13,OPEN,NULL,NULL,1
1560365414286,1575996035409,1706,1,,0,0,NULL,9,OPEN,NULL,NULL,1
1560366341155,1575996035813,1707,1,NET,1,1,17,9,PENDING,NULL,NULL,1
1560369193692,1575996023164,1708,1,NET,1,1,17,9,PENDING,NULL,NULL,1
1560805580204,1575996028739,1709,1,,1,0,NULL,9,OPEN,NULL,NULL,1
1560973923840,1575996040012,1710,1,NET,1,0,94,9,OPEN,NULL,NULL,1
1561145776171,1575996025286,1711,1,NULL,1,0,NULL,9,OPEN,NULL,NULL,1
1565888316040,1575996036112,1712,1,Norwegian,1,1,26,3,PENDING,1566935981,0,1
1566240781447,1575996044508,1713,0,"BB Cons√≥rcio",1,1,26,17,PENDING,1575296320,0,1
1566391453393,1575996025743,1714,1,"Empresa Teste",1,0,NULL,17,OPEN,NULL,0,1
1566504319306,1575996025324,1715,1,NULL,1,0,NULL,3,OPEN,NULL,0,1
1567175356390,1575996039571,1716,1,NET,1,1,17,9,PENDING,1567695767,0,1
1567177942806,1575996035238,1717,1,NET,1,1,17,9,PENDING,1567696910,0,1
1568814007553,1575996044778,1718,1,"AMERICAN AIRLINES/ EL AL ISRAEL AIRLINES/ Submarino",1,1,1470,3,PENDING,1573236098,0,1
1568814312585,1575996028830,1719,1,"AMERICAN AIRLINES/ EL AL ISRAEL AIRLINES/ Submarino",1,1,1470,3,PENDING,1573182204,0,1
1569509655936,1575996039485,1720,1,GOL,1,1,1469,3,PENDING,1570130464,0,1
1569509877257,1575996039477,1721,1,NULL,1,0,NULL,3,OPEN,NULL,0,1
1570040937991,1575996039619,1722,1,GOL,1,1,1469,3,PENDING,1570560174,0,1
1557936817,1575996021937,1723,1,CLARO,1,1,19,9,OPEN,NULL,NULL,1
1557936817,1575996025772,1724,1,LATAM,1,1,6,3,PENDING,NULL,NULL,1
1571337790647,1575996019994,1725,1,SKY,1,1,26,9,PENDING,1572270161,0,1
1574690952930,1575996039544,1726,1,LATAM,1,1,1469,3,PENDING,1575211196,0,1
1574703205818,1576031142050,1727,1,GOL,1,1,17,3,PENDING,1576037125,0,1
1574704992153,1575996022714,1728,1,GOL,1,1,17,3,PENDING,1576037125,0,1
1574961665745,1575996039460,1729,1,SKY,1,1,18,9,OPEN,NULL,0,1
1576003329249,1576506517670,1730,1,AZUL,1,1,1469,3,PENDING,1576770609,0,1
